District,year,month,mean
Purba Singhbhum,2015,1,-999.0
Bokaro,2015,1,-999.0
Chatra,2015,1,-999.0
Garhwa,2015,1,-999.0
Giridih,2015,1,-999.0
Hazaribag,2015,1,-999.0
Koderma,2015,1,-999.0
Pakur,2015,1,-999.0
Sahibganj,2015,1,-999.0
Dumka,2015,1,-999.0
Gumla,2015,1,-999.0
Jamtara,2015,1,-999.0
Latehar,2015,1,-999.0
Palamu,2015,1,-999.0
Pashchim Singhbhum,2015,1,-999.0
Seraikela_Kharsawan,2015,1,-999.0
Simdega,2015,1,-999.0
Deoghar,2015,1,-999.0
Godda,2015,1,-999.0
Lohardaga,2015,1,-999.0
Ranchi,2015,1,-999.0
Dhanbad,2015,1,-999.0
Purba Singhbhum,2015,2,-999.0
Bokaro,2015,2,-999.0
Chatra,2015,2,-999.0
Garhwa,2015,2,-999.0
Giridih,2015,2,-999.0
Hazaribag,2015,2,-999.0
Koderma,2015,2,-999.0
Pakur,2015,2,-999.0
Sahibganj,2015,2,-999.0
Dumka,2015,2,-999.0
Gumla,2015,2,-999.0
Jamtara,2015,2,-999.0
Latehar,2015,2,-999.0
Palamu,2015,2,-999.0
Pashchim Singhbhum,2015,2,-999.0
Seraikela_Kharsawan,2015,2,-999.0
Simdega,2015,2,-999.0
Deoghar,2015,2,-999.0
Godda,2015,2,-999.0
Lohardaga,2015,2,-999.0
Ranchi,2015,2,-999.0
Dhanbad,2015,2,-999.0
Purba Singhbhum,2015,3,-999.0
Bokaro,2015,3,-999.0
Chatra,2015,3,-999.0
Garhwa,2015,3,-999.0
Giridih,2015,3,-999.0
Hazaribag,2015,3,-999.0
Koderma,2015,3,-999.0
Pakur,2015,3,-999.0
Sahibganj,2015,3,-999.0
Dumka,2015,3,-999.0
Gumla,2015,3,-999.0
Jamtara,2015,3,-999.0
Latehar,2015,3,-999.0
Palamu,2015,3,-999.0
Pashchim Singhbhum,2015,3,-999.0
Seraikela_Kharsawan,2015,3,-999.0
Simdega,2015,3,-999.0
Deoghar,2015,3,-999.0
Godda,2015,3,-999.0
Lohardaga,2015,3,-999.0
Ranchi,2015,3,-999.0
Dhanbad,2015,3,-999.0
Purba Singhbhum,2015,4,2.9000400789748144
Bokaro,2015,4,3.402557335284373
Chatra,2015,4,2.738547369304267
Garhwa,2015,4,2.572602623594052
Giridih,2015,4,2.658962336883401
Hazaribag,2015,4,3.4819343472822357
Koderma,2015,4,2.8356728786532295
Pakur,2015,4,4.50487167365305
Sahibganj,2015,4,4.544406695017077
Dumka,2015,4,4.73488028097004
Gumla,2015,4,3.2047848832762
Jamtara,2015,4,4.3819864175557806
Latehar,2015,4,3.0170866266195566
Palamu,2015,4,2.3466151845334027
Pashchim Singhbhum,2015,4,2.8972710427030592
Seraikela_Kharsawan,2015,4,2.7253879663106555
Simdega,2015,4,2.973225180682974
Deoghar,2015,4,3.5182567183482867
Godda,2015,4,6.006953480307327
Lohardaga,2015,4,2.8078973251096375
Ranchi,2015,4,3.4134771422123062
Dhanbad,2015,4,2.739049480800805
Purba Singhbhum,2015,5,2.5014302645298985
Bokaro,2015,5,2.7807653813557334
Chatra,2015,5,2.362370257294975
Garhwa,2015,5,2.2823158775773225
Giridih,2015,5,2.354022926303536
Hazaribag,2015,5,2.2764349712415775
Koderma,2015,5,2.2831059407519163
Pakur,2015,5,4.977865244736057
Sahibganj,2015,5,4.192866973173146
Dumka,2015,5,4.281141423372559
Gumla,2015,5,2.2539059085235302
Jamtara,2015,5,3.679614554692105
Latehar,2015,5,2.241956856081122
Palamu,2015,5,2.2339699470186996
Pashchim Singhbhum,2015,5,2.250922605680734
Seraikela_Kharsawan,2015,5,2.420307107485297
Simdega,2015,5,2.4843408543002434
Deoghar,2015,5,2.7297153021081173
Godda,2015,5,4.939030274341615
Lohardaga,2015,5,2.0461968239699835
Ranchi,2015,5,2.2631016832054236
Dhanbad,2015,5,3.595360192118093
Purba Singhbhum,2015,6,9.912886666196657
Bokaro,2015,6,11.629769419766758
Chatra,2015,6,7.952355239445068
Garhwa,2015,6,7.2482040881484
Giridih,2015,6,8.891636835749443
Hazaribag,2015,6,9.568730507082963
Koderma,2015,6,8.36709342612418
Pakur,2015,6,14.031125715834026
Sahibganj,2015,6,12.898317287247142
Dumka,2015,6,12.028250461420852
Gumla,2015,6,9.28539856070737
Jamtara,2015,6,11.419869586501816
Latehar,2015,6,9.61131677441118
Palamu,2015,6,6.541588670589108
Pashchim Singhbhum,2015,6,7.622034386240378
Seraikela_Kharsawan,2015,6,9.85601028249135
Simdega,2015,6,10.295350757843075
Deoghar,2015,6,9.195469461611955
Godda,2015,6,11.67353540528086
Lohardaga,2015,6,9.144253977634124
Ranchi,2015,6,10.274256279913995
Dhanbad,2015,6,11.526241099462549
Purba Singhbhum,2015,7,23.40117801508647
Bokaro,2015,7,24.896226314443744
Chatra,2015,7,24.59057126620611
Garhwa,2015,7,23.24363180453768
Giridih,2015,7,24.808425042419035
Hazaribag,2015,7,24.882199690438675
Koderma,2015,7,24.333617630642724
Pakur,2015,7,25.068532253809693
Sahibganj,2015,7,25.02857262005623
Dumka,2015,7,24.796759123749467
Gumla,2015,7,24.76657725726842
Jamtara,2015,7,24.84406940258401
Latehar,2015,7,24.836634210380737
Palamu,2015,7,22.79733356647686
Pashchim Singhbhum,2015,7,23.268228165073953
Seraikela_Kharsawan,2015,7,24.194973627121797
Simdega,2015,7,24.357516670027476
Deoghar,2015,7,24.513515148675033
Godda,2015,7,24.863952743670065
Lohardaga,2015,7,25.1559181993658
Ranchi,2015,7,24.909793229629237
Dhanbad,2015,7,24.915133701516705
Purba Singhbhum,2015,8,21.356419947017542
Bokaro,2015,8,23.171023562379442
Chatra,2015,8,21.509832824805308
Garhwa,2015,8,22.017732109273677
Giridih,2015,8,23.80052619692845
Hazaribag,2015,8,23.025528350760112
Koderma,2015,8,23.57661177656798
Pakur,2015,8,24.52791630589441
Sahibganj,2015,8,24.606672132395563
Dumka,2015,8,23.95878482322257
Gumla,2015,8,23.54467051730773
Jamtara,2015,8,23.058203329740664
Latehar,2015,8,23.088357407047685
Palamu,2015,8,21.380545606458245
Pashchim Singhbhum,2015,8,21.389393946977965
Seraikela_Kharsawan,2015,8,21.982158276724874
Simdega,2015,8,21.90953852322307
Deoghar,2015,8,23.414630937214415
Godda,2015,8,24.55179996186195
Lohardaga,2015,8,24.2573662415646
Ranchi,2015,8,22.43511489638575
Dhanbad,2015,8,22.99621619171258
Purba Singhbhum,2015,9,19.155727994961012
Bokaro,2015,9,19.692899248091752
Chatra,2015,9,15.98106779106459
Garhwa,2015,9,15.212822950800101
Giridih,2015,9,18.801863206891383
Hazaribag,2015,9,18.76089211889647
Koderma,2015,9,19.0755673519616
Pakur,2015,9,20.561754112071917
Sahibganj,2015,9,20.885237960249928
Dumka,2015,9,19.931192897662182
Gumla,2015,9,20.0044862669857
Jamtara,2015,9,19.807733880640537
Latehar,2015,9,17.47659617331349
Palamu,2015,9,15.847821904991573
Pashchim Singhbhum,2015,9,17.12866507961763
Seraikela_Kharsawan,2015,9,19.5532969607294
Simdega,2015,9,17.901260570829827
Deoghar,2015,9,19.013336203631358
Godda,2015,9,21.025986891827714
Lohardaga,2015,9,19.75859369980662
Ranchi,2015,9,19.327523358192064
Dhanbad,2015,9,19.370638599206128
Purba Singhbhum,2015,10,10.762113773867343
Bokaro,2015,10,12.188810264177462
Chatra,2015,10,7.028642568562964
Garhwa,2015,10,5.391022251678882
Giridih,2015,10,9.432618935755762
Hazaribag,2015,10,9.870196652305863
Koderma,2015,10,8.902461676921662
Pakur,2015,10,17.348769716004096
Sahibganj,2015,10,15.317476928752736
Dumka,2015,10,14.300113160454973
Gumla,2015,10,9.960055490486372
Jamtara,2015,10,11.158211797864078
Latehar,2015,10,6.894843991440126
Palamu,2015,10,6.804601100403622
Pashchim Singhbhum,2015,10,7.5874732344486375
Seraikela_Kharsawan,2015,10,10.992876706491844
Simdega,2015,10,8.512448876974275
Deoghar,2015,10,11.60513927737524
Godda,2015,10,15.216272415133412
Lohardaga,2015,10,8.778191314359605
Ranchi,2015,10,9.955263848524686
Dhanbad,2015,10,11.365137158414456
Purba Singhbhum,2015,11,4.178177997817629
Bokaro,2015,11,5.119844697917991
Chatra,2015,11,3.31759942101809
Garhwa,2015,11,2.994366811525911
Giridih,2015,11,3.9606324352441797
Hazaribag,2015,11,4.354518425070934
Koderma,2015,11,4.216901716548134
Pakur,2015,11,9.55689891636733
Sahibganj,2015,11,8.066786520910618
Dumka,2015,11,6.629089343934186
Gumla,2015,11,4.968013834557696
Jamtara,2015,11,4.466487636925719
Latehar,2015,11,3.2146853311967294
Palamu,2015,11,3.2402217807298164
Pashchim Singhbhum,2015,11,3.3416570331083704
Seraikela_Kharsawan,2015,11,4.969097402648532
Simdega,2015,11,4.456256898318302
Deoghar,2015,11,4.638854382612937
Godda,2015,11,7.393178987344885
Lohardaga,2015,11,3.7143368548183364
Ranchi,2015,11,4.677570336921333
Dhanbad,2015,11,4.685926110277775
Purba Singhbhum,2015,12,2.7921089726947197
Bokaro,2015,12,3.1739265885998247
Chatra,2015,12,3.0679170174859745
Garhwa,2015,12,2.9616410453017736
Giridih,2015,12,2.918014222087216
Hazaribag,2015,12,3.2567597758964406
Koderma,2015,12,3.1670442650490473
Pakur,2015,12,4.590612998095526
Sahibganj,2015,12,4.43636980542359
Dumka,2015,12,3.422877999950671
Gumla,2015,12,4.022087223890649
Jamtara,2015,12,2.8490696020197865
Latehar,2015,12,3.496759906173614
Palamu,2015,12,2.8585972403052944
Pashchim Singhbhum,2015,12,2.707539730838367
Seraikela_Kharsawan,2015,12,3.0075899659332563
Simdega,2015,12,3.2789119105918245
Deoghar,2015,12,2.724994281527597
Godda,2015,12,3.8036943376393815
Lohardaga,2015,12,2.8356952821809154
Ranchi,2015,12,3.537796124104898
Dhanbad,2015,12,2.801138436953663
Purba Singhbhum,2016,1,2.6725492537629782
Bokaro,2016,1,3.757725160924185
Chatra,2016,1,4.088592521009358
Garhwa,2016,1,4.129826431215932
Giridih,2016,1,3.727153192692512
Hazaribag,2016,1,3.8133661899337494
Koderma,2016,1,5.3127613533790585
Pakur,2016,1,3.4350653726962657
Sahibganj,2016,1,3.2330181136117457
Dumka,2016,1,3.1299878157098684
Gumla,2016,1,3.6697078213289074
Jamtara,2016,1,3.4742620662413612
Latehar,2016,1,3.570071938034272
Palamu,2016,1,3.8712088953755206
Pashchim Singhbhum,2016,1,2.426383657864066
Seraikela_Kharsawan,2016,1,2.7130292776598157
Simdega,2016,1,2.994951832297865
Deoghar,2016,1,2.5043669630579273
Godda,2016,1,3.539544585191361
Lohardaga,2016,1,2.999885444264663
Ranchi,2016,1,3.4020814695029284
Dhanbad,2016,1,3.3095007887596046
Purba Singhbhum,2016,2,2.624544862521178
Bokaro,2016,2,3.1412781382940205
Chatra,2016,2,2.8163933418853464
Garhwa,2016,2,2.8473681314754944
Giridih,2016,2,2.6799925305517016
Hazaribag,2016,2,2.6625656192637166
Koderma,2016,2,3.8740391066416446
Pakur,2016,2,3.0378534859186694
Sahibganj,2016,2,2.388380764916064
Dumka,2016,2,2.654908971548599
Gumla,2016,2,2.755267204696612
Jamtara,2016,2,2.94231432822209
Latehar,2016,2,2.6368267383125743
Palamu,2016,2,2.6659351822623467
Pashchim Singhbhum,2016,2,2.6363532869628403
Seraikela_Kharsawan,2016,2,2.3577002843534043
Simdega,2016,2,2.6133933291384888
Deoghar,2016,2,2.3170564026945315
Godda,2016,2,3.0073780116830044
Lohardaga,2016,2,2.313080203818362
Ranchi,2016,2,2.6916058961404374
Dhanbad,2016,2,2.754009204998709
Purba Singhbhum,2016,3,2.132113558003993
Bokaro,2016,3,2.865891087891398
Chatra,2016,3,3.1242407140778776
Garhwa,2016,3,3.9980976609979018
Giridih,2016,3,2.388938660508563
Hazaribag,2016,3,2.978559569402222
Koderma,2016,3,3.2632032603250494
Pakur,2016,3,2.566828746435389
Sahibganj,2016,3,2.4189336111266657
Dumka,2016,3,2.126630168257145
Gumla,2016,3,3.3522823081507216
Jamtara,2016,3,2.474965511034752
Latehar,2016,3,3.770205962395864
Palamu,2016,3,3.46003915136639
Pashchim Singhbhum,2016,3,2.2358196663825574
Seraikela_Kharsawan,2016,3,2.1726317120589234
Simdega,2016,3,2.6045110208895426
Deoghar,2016,3,2.0631331800196646
Godda,2016,3,2.253799853364808
Lohardaga,2016,3,3.1490316910036453
Ranchi,2016,3,2.7136355173658213
Dhanbad,2016,3,2.5758064535737324
Purba Singhbhum,2016,4,2.045600752515472
Bokaro,2016,4,2.365358600334353
Chatra,2016,4,2.319053839002285
Garhwa,2016,4,2.256795669562766
Giridih,2016,4,1.9541404860309344
Hazaribag,2016,4,2.0821676585144138
Koderma,2016,4,2.0356322232123465
Pakur,2016,4,2.4734394592789894
Sahibganj,2016,4,2.2200447792704168
Dumka,2016,4,2.0518269336799206
Gumla,2016,4,2.179996623829252
Jamtara,2016,4,2.3177301688623486
Latehar,2016,4,2.2272634999446783
Palamu,2016,4,2.2324931604476643
Pashchim Singhbhum,2016,4,1.9721442045018087
Seraikela_Kharsawan,2016,4,2.0849918597874297
Simdega,2016,4,2.3619304386383098
Deoghar,2016,4,1.8860526605614147
Godda,2016,4,2.1545553971685094
Lohardaga,2016,4,1.9952565217417395
Ranchi,2016,4,1.9476297015860837
Dhanbad,2016,4,2.3438298058787725
Purba Singhbhum,2016,5,3.3190746393116073
Bokaro,2016,5,2.6848556430590973
Chatra,2016,5,2.49635985473901
Garhwa,2016,5,2.3201810438070076
Giridih,2016,5,2.293013268183684
Hazaribag,2016,5,2.3873722671362327
Koderma,2016,5,2.7533930243669076
Pakur,2016,5,5.839532402868862
Sahibganj,2016,5,6.279313621235172
Dumka,2016,5,3.655392099055361
Gumla,2016,5,2.5144464635440613
Jamtara,2016,5,2.6215234160940963
Latehar,2016,5,2.3266651078466003
Palamu,2016,5,2.2585635467978626
Pashchim Singhbhum,2016,5,3.0757786546613053
Seraikela_Kharsawan,2016,5,3.5971976284680927
Simdega,2016,5,2.496096556209127
Deoghar,2016,5,2.448069722625991
Godda,2016,5,5.305479466679761
Lohardaga,2016,5,2.382587096565649
Ranchi,2016,5,2.9566660088910335
Dhanbad,2016,5,2.5203257250916598
Purba Singhbhum,2016,6,3.0655103340114236
Bokaro,2016,6,6.707176371895549
Chatra,2016,6,5.034748216496427
Garhwa,2016,6,4.466008986875355
Giridih,2016,6,8.79931123578265
Hazaribag,2016,6,7.975109984769695
Koderma,2016,6,9.425341281047274
Pakur,2016,6,12.800864838461841
Sahibganj,2016,6,13.972330063418191
Dumka,2016,6,8.95885810565489
Gumla,2016,6,7.5333718223998
Jamtara,2016,6,5.907295088687057
Latehar,2016,6,9.85161128408618
Palamu,2016,6,2.9306787635418288
Pashchim Singhbhum,2016,6,3.839933077121675
Seraikela_Kharsawan,2016,6,3.207310392110872
Simdega,2016,6,4.407271216669283
Deoghar,2016,6,8.322567251225484
Godda,2016,6,13.083750445513976
Lohardaga,2016,6,12.880742126674745
Ranchi,2016,6,5.005621677733768
Dhanbad,2016,6,5.301553753699838
Purba Singhbhum,2016,7,13.852301896636032
Bokaro,2016,7,22.714931247356947
Chatra,2016,7,22.196942535714005
Garhwa,2016,7,23.21007144709089
Giridih,2016,7,23.764649894838232
Hazaribag,2016,7,23.134943719042777
Koderma,2016,7,24.26800464580746
Pakur,2016,7,23.90573986842688
Sahibganj,2016,7,24.66516101848223
Dumka,2016,7,20.922618708628107
Gumla,2016,7,22.904398999570855
Jamtara,2016,7,20.923413601591804
Latehar,2016,7,23.898386479784417
Palamu,2016,7,20.567517058128374
Pashchim Singhbhum,2016,7,19.116301004114096
Seraikela_Kharsawan,2016,7,15.068704911164248
Simdega,2016,7,23.393647203977917
Deoghar,2016,7,21.608062527573605
Godda,2016,7,24.28516360222493
Lohardaga,2016,7,24.917328048322762
Ranchi,2016,7,19.563716285128372
Dhanbad,2016,7,19.829028570942167
Purba Singhbhum,2016,8,22.466475141374776
Bokaro,2016,8,24.33369531002988
Chatra,2016,8,24.062962482724814
Garhwa,2016,8,24.714863285494122
Giridih,2016,8,24.11015447044182
Hazaribag,2016,8,24.46202656097562
Koderma,2016,8,24.139146822298745
Pakur,2016,8,22.736021571253623
Sahibganj,2016,8,22.188780136428033
Dumka,2016,8,22.639963866789564
Gumla,2016,8,24.883622331311702
Jamtara,2016,8,22.83998147179099
Latehar,2016,8,24.995019519983245
Palamu,2016,8,24.019805260312026
Pashchim Singhbhum,2016,8,23.969923611745198
Seraikela_Kharsawan,2016,8,22.893445509859163
Simdega,2016,8,24.55199052137027
Deoghar,2016,8,23.041055258156888
Godda,2016,8,22.321963741210293
Lohardaga,2016,8,25.098558312283753
Ranchi,2016,8,24.419942694371034
Dhanbad,2016,8,23.00416987474381
Purba Singhbhum,2016,9,22.851079632313706
Bokaro,2016,9,23.78721980648641
Chatra,2016,9,24.66542438720975
Garhwa,2016,9,24.69960584769998
Giridih,2016,9,24.171343537039814
Hazaribag,2016,9,24.416005383836424
Koderma,2016,9,24.623637309480777
Pakur,2016,9,24.58247763491301
Sahibganj,2016,9,24.769708537532946
Dumka,2016,9,24.152481229411382
Gumla,2016,9,24.772603293140296
Jamtara,2016,9,22.776443225048865
Latehar,2016,9,25.001864702154638
Palamu,2016,9,24.56338600792997
Pashchim Singhbhum,2016,9,24.075327922607176
Seraikela_Kharsawan,2016,9,22.993555612964307
Simdega,2016,9,23.878446822092513
Deoghar,2016,9,24.025112875288713
Godda,2016,9,24.60848412207189
Lohardaga,2016,9,24.923568659421946
Ranchi,2016,9,24.028904411152844
Dhanbad,2016,9,22.45006965274961
Purba Singhbhum,2016,10,17.93856788074166
Bokaro,2016,10,18.724949720795017
Chatra,2016,10,17.516131479646653
Garhwa,2016,10,17.167134698607963
Giridih,2016,10,18.362618881690672
Hazaribag,2016,10,18.49861233329474
Koderma,2016,10,18.389307898610934
Pakur,2016,10,19.3054598455304
Sahibganj,2016,10,19.569922061493575
Dumka,2016,10,18.77321280286858
Gumla,2016,10,18.670646051605686
Jamtara,2016,10,18.093057256322854
Latehar,2016,10,18.0319990589227
Palamu,2016,10,17.51167274393291
Pashchim Singhbhum,2016,10,18.38022387869721
Seraikela_Kharsawan,2016,10,17.066294457169956
Simdega,2016,10,17.57686593799487
Deoghar,2016,10,18.642292900107712
Godda,2016,10,19.30462556826034
Lohardaga,2016,10,18.214279961015624
Ranchi,2016,10,18.586082626575937
Dhanbad,2016,10,18.588677041122754
Purba Singhbhum,2016,11,8.68853024947955
Bokaro,2016,11,8.112440065806709
Chatra,2016,11,6.549033319753644
Garhwa,2016,11,5.675348498327294
Giridih,2016,11,7.068868283141526
Hazaribag,2016,11,7.4364411571573985
Koderma,2016,11,7.664715530288517
Pakur,2016,11,9.281455183897167
Sahibganj,2016,11,10.094108323224162
Dumka,2016,11,8.124935796667922
Gumla,2016,11,7.107302017421201
Jamtara,2016,11,7.105543070426815
Latehar,2016,11,6.117670520957553
Palamu,2016,11,6.800945764810093
Pashchim Singhbhum,2016,11,8.276595987397387
Seraikela_Kharsawan,2016,11,7.955836482205403
Simdega,2016,11,6.075729250420308
Deoghar,2016,11,7.445606000786696
Godda,2016,11,8.549459964512385
Lohardaga,2016,11,6.402312146077317
Ranchi,2016,11,8.211265404333695
Dhanbad,2016,11,8.057946634325296
Purba Singhbhum,2016,12,3.456902582039193
Bokaro,2016,12,3.659451961547092
Chatra,2016,12,3.398791501390639
Garhwa,2016,12,3.0906064200182
Giridih,2016,12,4.225507603770154
Hazaribag,2016,12,3.814171508777107
Koderma,2016,12,4.732728748131209
Pakur,2016,12,4.288120089596464
Sahibganj,2016,12,5.200331135100409
Dumka,2016,12,3.9209540047988454
Gumla,2016,12,3.131521176904237
Jamtara,2016,12,3.539836417296824
Latehar,2016,12,2.962811055329848
Palamu,2016,12,3.7241682429175142
Pashchim Singhbhum,2016,12,3.3304000918687287
Seraikela_Kharsawan,2016,12,3.443365253250058
Simdega,2016,12,2.763214937186678
Deoghar,2016,12,3.2849283624794903
Godda,2016,12,4.243098084799694
Lohardaga,2016,12,2.8840300647835986
Ranchi,2016,12,3.9278256375675418
Dhanbad,2016,12,3.609621694286596
Purba Singhbhum,2017,1,2.3756952491092225
Bokaro,2017,1,2.9326383422239983
Chatra,2017,1,4.494109998193737
Garhwa,2017,1,4.626536046106255
Giridih,2017,1,4.764919573587326
Hazaribag,2017,1,3.975688721072384
Koderma,2017,1,5.939379879571859
Pakur,2017,1,3.7306070396825035
Sahibganj,2017,1,3.8095207950049277
Dumka,2017,1,3.5189273145173368
Gumla,2017,1,2.6856005821906934
Jamtara,2017,1,3.5509846569566546
Latehar,2017,1,3.9198683525096025
Palamu,2017,1,4.088343338517271
Pashchim Singhbhum,2017,1,2.197062021515318
Seraikela_Kharsawan,2017,1,2.338064002809391
Simdega,2017,1,2.5993906964269673
Deoghar,2017,1,3.544230691988566
Godda,2017,1,4.034373463282858
Lohardaga,2017,1,2.811216002902346
Ranchi,2017,1,2.924049450339334
Dhanbad,2017,1,3.0241697259581897
Purba Singhbhum,2017,2,2.1545701466710745
Bokaro,2017,2,2.425150575857429
Chatra,2017,2,2.845652665846228
Garhwa,2017,2,2.622778005073637
Giridih,2017,2,2.6243980027233293
Hazaribag,2017,2,2.4052966922855443
Koderma,2017,2,3.433740167202431
Pakur,2017,2,2.5704099386259633
Sahibganj,2017,2,2.5255304231514595
Dumka,2017,2,2.3341913395496596
Gumla,2017,2,2.3096989910158774
Jamtara,2017,2,2.575275118201324
Latehar,2017,2,2.6752913438507657
Palamu,2017,2,2.55046991125015
Pashchim Singhbhum,2017,2,2.0484015520094214
Seraikela_Kharsawan,2017,2,2.161148815395941
Simdega,2017,2,2.3793052597865945
Deoghar,2017,2,2.214030608125966
Godda,2017,2,2.635825573428323
Lohardaga,2017,2,2.0559002126232864
Ranchi,2017,2,2.1699810043666017
Dhanbad,2017,2,2.5514393095125025
Purba Singhbhum,2017,3,2.365736682049637
Bokaro,2017,3,2.511359989657976
Chatra,2017,3,2.49233803977838
Garhwa,2017,3,2.41899761524944
Giridih,2017,3,2.482206812188116
Hazaribag,2017,3,2.3360458445553176
Koderma,2017,3,2.781165253447355
Pakur,2017,3,2.665992020627341
Sahibganj,2017,3,2.644672608936444
Dumka,2017,3,2.1579278913189013
Gumla,2017,3,2.180924500564678
Jamtara,2017,3,2.4397055133971306
Latehar,2017,3,2.3615976222650907
Palamu,2017,3,2.3772173245983175
Pashchim Singhbhum,2017,3,2.13674135406257
Seraikela_Kharsawan,2017,3,2.1452712224065063
Simdega,2017,3,2.332146803976454
Deoghar,2017,3,2.06311996165452
Godda,2017,3,2.567156124258094
Lohardaga,2017,3,2.0310530909510893
Ranchi,2017,3,2.095648797050998
Dhanbad,2017,3,2.458270905379117
Purba Singhbhum,2017,4,2.4351764793817
Bokaro,2017,4,2.802069277865734
Chatra,2017,4,2.3635333363114257
Garhwa,2017,4,2.274075805791052
Giridih,2017,4,2.1364487847139513
Hazaribag,2017,4,2.216892390465929
Koderma,2017,4,2.2382987968487007
Pakur,2017,4,4.2760939393684705
Sahibganj,2017,4,5.322105096456815
Dumka,2017,4,2.916932124919436
Gumla,2017,4,2.1427656738023977
Jamtara,2017,4,2.824537820369887
Latehar,2017,4,2.220545704872102
Palamu,2017,4,2.2604898504708366
Pashchim Singhbhum,2017,4,1.9824982512644167
Seraikela_Kharsawan,2017,4,2.113502602125176
Simdega,2017,4,2.330436007479646
Deoghar,2017,4,2.595099805324174
Godda,2017,4,4.184808160169977
Lohardaga,2017,4,1.9740736934842107
Ranchi,2017,4,1.9719290419696387
Dhanbad,2017,4,2.843379600840068
Purba Singhbhum,2017,5,2.5494744712649617
Bokaro,2017,5,2.5359698934847876
Chatra,2017,5,2.4128253358538165
Garhwa,2017,5,2.2994372778277206
Giridih,2017,5,2.358735837194081
Hazaribag,2017,5,2.3203634421515016
Koderma,2017,5,2.3393610085419985
Pakur,2017,5,6.489830775045326
Sahibganj,2017,5,7.525438178634398
Dumka,2017,5,3.6120728791283825
Gumla,2017,5,2.1675047609886784
Jamtara,2017,5,3.0082127087162354
Latehar,2017,5,2.2812214251091913
Palamu,2017,5,2.2351391450819067
Pashchim Singhbhum,2017,5,2.1686927077597558
Seraikela_Kharsawan,2017,5,2.3071448729443964
Simdega,2017,5,2.4126104164631523
Deoghar,2017,5,2.509099532777777
Godda,2017,5,5.7213478708997805
Lohardaga,2017,5,2.0345291528690383
Ranchi,2017,5,2.0612791765202187
Dhanbad,2017,5,2.736741373830762
Purba Singhbhum,2017,6,5.082848405486369
Bokaro,2017,6,6.000741112369095
Chatra,2017,6,4.529977094564818
Garhwa,2017,6,5.012582924864139
Giridih,2017,6,5.548927524103056
Hazaribag,2017,6,6.896375922762626
Koderma,2017,6,4.624017667294578
Pakur,2017,6,12.210113250805595
Sahibganj,2017,6,12.095437759051505
Dumka,2017,6,8.690371677779321
Gumla,2017,6,7.809021735054154
Jamtara,2017,6,7.230376488975134
Latehar,2017,6,6.7690034150117055
Palamu,2017,6,3.3912736002212416
Pashchim Singhbhum,2017,6,7.227095056821704
Seraikela_Kharsawan,2017,6,6.11422943061871
Simdega,2017,6,7.890619796338184
Deoghar,2017,6,6.8515111449442605
Godda,2017,6,11.153304763285398
Lohardaga,2017,6,9.33225725472829
Ranchi,2017,6,7.984351061920847
Dhanbad,2017,6,4.751723894649554
Purba Singhbhum,2017,7,19.238825566335834
Bokaro,2017,7,24.910843571602435
Chatra,2017,7,23.31585956066932
Garhwa,2017,7,25.042855723510954
Giridih,2017,7,24.674371128899978
Hazaribag,2017,7,24.815203675156003
Koderma,2017,7,24.81724437386473
Pakur,2017,7,24.588569844578732
Sahibganj,2017,7,24.80553526760032
Dumka,2017,7,24.415640672483484
Gumla,2017,7,24.56483268086951
Jamtara,2017,7,24.342555447806962
Latehar,2017,7,24.939536503886078
Palamu,2017,7,23.750926798511966
Pashchim Singhbhum,2017,7,22.709019957973968
Seraikela_Kharsawan,2017,7,22.317697961515304
Simdega,2017,7,24.117006747647554
Deoghar,2017,7,24.60711768323472
Godda,2017,7,24.798215746182883
Lohardaga,2017,7,25.334092503415352
Ranchi,2017,7,24.285778573407136
Dhanbad,2017,7,23.753251992475104
Purba Singhbhum,2017,8,23.894786071892938
Bokaro,2017,8,24.51407608769265
Chatra,2017,8,24.910497770546105
Garhwa,2017,8,25.050958478863286
Giridih,2017,8,24.638928257592152
Hazaribag,2017,8,24.906956381124974
Koderma,2017,8,24.761799807173023
Pakur,2017,8,24.1300685768329
Sahibganj,2017,8,24.106249038150455
Dumka,2017,8,24.101293550866387
Gumla,2017,8,25.1188169277992
Jamtara,2017,8,24.00238483675939
Latehar,2017,8,24.991807878887645
Palamu,2017,8,24.790245576144084
Pashchim Singhbhum,2017,8,24.752772357591322
Seraikela_Kharsawan,2017,8,24.19673839451485
Simdega,2017,8,24.83655109258561
Deoghar,2017,8,24.395766752335454
Godda,2017,8,24.25091975869923
Lohardaga,2017,8,25.04995619805807
Ranchi,2017,8,24.925590808650625
Dhanbad,2017,8,24.07510916599069
Purba Singhbhum,2017,9,22.459730609978962
Bokaro,2017,9,23.981797975120227
Chatra,2017,9,23.611136877259018
Garhwa,2017,9,22.510528015891975
Giridih,2017,9,22.246814032053273
Hazaribag,2017,9,24.2912107301925
Koderma,2017,9,22.304911802758937
Pakur,2017,9,24.36185888685016
Sahibganj,2017,9,24.117843742259968
Dumka,2017,9,24.41168907451729
Gumla,2017,9,24.762673475999794
Jamtara,2017,9,24.39999537198759
Latehar,2017,9,24.22837191465058
Palamu,2017,9,22.292079917142754
Pashchim Singhbhum,2017,9,24.089384792998423
Seraikela_Kharsawan,2017,9,22.893202833615774
Simdega,2017,9,24.04888339474914
Deoghar,2017,9,23.91369006429161
Godda,2017,9,24.238846606693066
Lohardaga,2017,9,24.634639745922186
Ranchi,2017,9,24.48245348268321
Dhanbad,2017,9,23.989927745658232
Purba Singhbhum,2017,10,22.776329172321105
Bokaro,2017,10,22.709911382620895
Chatra,2017,10,19.169574851993364
Garhwa,2017,10,13.82199203977447
Giridih,2017,10,21.704783396305924
Hazaribag,2017,10,21.68814811449706
Koderma,2017,10,20.103990668489192
Pakur,2017,10,22.897235257351646
Sahibganj,2017,10,22.621585420896807
Dumka,2017,10,22.89090700464033
Gumla,2017,10,20.762303178032507
Jamtara,2017,10,22.966036409904397
Latehar,2017,10,19.85607614331567
Palamu,2017,10,15.055528615335083
Pashchim Singhbhum,2017,10,22.13235690188427
Seraikela_Kharsawan,2017,10,22.4428660923674
Simdega,2017,10,19.479690021263426
Deoghar,2017,10,22.441284959662813
Godda,2017,10,22.270392765424162
Lohardaga,2017,10,21.520435917776748
Ranchi,2017,10,22.035822799416554
Dhanbad,2017,10,22.715186551616824
Purba Singhbhum,2017,11,14.598585473201359
Bokaro,2017,11,13.379907991906377
Chatra,2017,11,7.972626165676172
Garhwa,2017,11,5.0843686498365415
Giridih,2017,11,10.836433493807485
Hazaribag,2017,11,11.547867866212563
Koderma,2017,11,8.391249051629018
Pakur,2017,11,15.511332585261414
Sahibganj,2017,11,15.359568250744028
Dumka,2017,11,14.022221179379303
Gumla,2017,11,11.239921507196675
Jamtara,2017,11,13.734743091554634
Latehar,2017,11,9.49198598900904
Palamu,2017,11,5.602273480209377
Pashchim Singhbhum,2017,11,13.773721261040645
Seraikela_Kharsawan,2017,11,14.035646542993783
Simdega,2017,11,9.124888343225024
Deoghar,2017,11,12.220330101526486
Godda,2017,11,13.158873179045129
Lohardaga,2017,11,11.629758454053603
Ranchi,2017,11,13.317139003810349
Dhanbad,2017,11,13.460575806510171
Purba Singhbhum,2017,12,9.804469284065709
Bokaro,2017,12,6.966846970992869
Chatra,2017,12,3.8076003705671635
Garhwa,2017,12,3.097225440284739
Giridih,2017,12,5.491149158682209
Hazaribag,2017,12,5.786549173787186
Koderma,2017,12,4.572355204865643
Pakur,2017,12,9.704583064057068
Sahibganj,2017,12,9.510669953739342
Dumka,2017,12,8.344243210790111
Gumla,2017,12,5.336968194970991
Jamtara,2017,12,7.5751442946890695
Latehar,2017,12,4.578251670422742
Palamu,2017,12,2.9894784720905343
Pashchim Singhbhum,2017,12,7.309971803928602
Seraikela_Kharsawan,2017,12,7.762711833550782
Simdega,2017,12,4.227005671153091
Deoghar,2017,12,6.662037593679544
Godda,2017,12,7.407789811122437
Lohardaga,2017,12,5.484200200395724
Ranchi,2017,12,6.987800950877519
Dhanbad,2017,12,6.685873617977158
Purba Singhbhum,2018,1,4.557458650055454
Bokaro,2018,1,3.4661165300274996
Chatra,2018,1,2.874203144950743
Garhwa,2018,1,2.629929367137279
Giridih,2018,1,3.4392078790276193
Hazaribag,2018,1,3.3099868283461924
Koderma,2018,1,3.713677788629502
Pakur,2018,1,5.994681019819419
Sahibganj,2018,1,5.721769158777941
Dumka,2018,1,4.835810868172139
Gumla,2018,1,3.046516274633807
Jamtara,2018,1,4.335358493233029
Latehar,2018,1,2.9383304489601136
Palamu,2018,1,2.6685075745292965
Pashchim Singhbhum,2018,1,3.2835062828690926
Seraikela_Kharsawan,2018,1,3.530496385812144
Simdega,2018,1,2.8286665089405023
Deoghar,2018,1,4.041988666302546
Godda,2018,1,4.550174693740424
Lohardaga,2018,1,2.6572163873312005
Ranchi,2018,1,3.6093137052307935
Dhanbad,2018,1,3.4058665709010043
Purba Singhbhum,2018,2,2.5444201267010054
Bokaro,2018,2,2.6563749967279637
Chatra,2018,2,2.756025210579002
Garhwa,2018,2,3.4539509661512002
Giridih,2018,2,2.7454877954282546
Hazaribag,2018,2,2.5033324099339844
Koderma,2018,2,3.1311422254661143
Pakur,2018,2,3.844383313805652
Sahibganj,2018,2,3.3524547068872197
Dumka,2018,2,2.7235059061066638
Gumla,2018,2,2.604624886733213
Jamtara,2018,2,3.224674495604026
Latehar,2018,2,2.705524972449776
Palamu,2018,2,3.0329253097586677
Pashchim Singhbhum,2018,2,2.1817121842172935
Seraikela_Kharsawan,2018,2,2.4233284382882943
Simdega,2018,2,2.7042029269311056
Deoghar,2018,2,2.586127908203383
Godda,2018,2,3.173175818583841
Lohardaga,2018,2,2.6202434979557423
Ranchi,2018,2,2.4804406469212688
Dhanbad,2018,2,2.7869816008683217
Purba Singhbhum,2018,3,2.201901956391654
Bokaro,2018,3,2.397748974237928
Chatra,2018,3,2.550988771796204
Garhwa,2018,3,2.4692856994993164
Giridih,2018,3,2.1460560747164803
Hazaribag,2018,3,2.2950057720472388
Koderma,2018,3,2.3500611169952923
Pakur,2018,3,2.763089284898716
Sahibganj,2018,3,2.660889892243125
Dumka,2018,3,2.1285926011225285
Gumla,2018,3,2.3149442664115414
Jamtara,2018,3,2.4526579925960297
Latehar,2018,3,2.3787243485070655
Palamu,2018,3,2.456953537905799
Pashchim Singhbhum,2018,3,2.0451597491634526
Seraikela_Kharsawan,2018,3,2.1518709564539265
Simdega,2018,3,2.431439718011329
Deoghar,2018,3,2.1124775451105093
Godda,2018,3,2.476588904208019
Lohardaga,2018,3,2.2298511031426886
Ranchi,2018,3,2.096883505132995
Dhanbad,2018,3,2.4344162354127645
Purba Singhbhum,2018,4,7.2065056772807194
Bokaro,2018,4,3.0313572005159073
Chatra,2018,4,2.6481167896382396
Garhwa,2018,4,2.3542197529913516
Giridih,2018,4,2.7157702958918306
Hazaribag,2018,4,2.7246421979691284
Koderma,2018,4,2.525703685954937
Pakur,2018,4,5.747457565685426
Sahibganj,2018,4,6.265190735886722
Dumka,2018,4,4.502869317653915
Gumla,2018,4,3.122749362718655
Jamtara,2018,4,5.162219791886743
Latehar,2018,4,2.7949046954590133
Palamu,2018,4,2.4425848404140367
Pashchim Singhbhum,2018,4,5.70967693668504
Seraikela_Kharsawan,2018,4,4.828408685890404
Simdega,2018,4,3.915158173659882
Deoghar,2018,4,3.5352912324948806
Godda,2018,4,5.559468067571687
Lohardaga,2018,4,2.935696944893834
Ranchi,2018,4,3.7503280072825977
Dhanbad,2018,4,3.9528089207984998
Purba Singhbhum,2018,5,5.9789943723247925
Bokaro,2018,5,3.7749324129988313
Chatra,2018,5,3.2197648075002228
Garhwa,2018,5,2.7781002443608513
Giridih,2018,5,4.051410183049456
Hazaribag,2018,5,3.3231158973488597
Koderma,2018,5,3.4228749610202343
Pakur,2018,5,17.599146271013286
Sahibganj,2018,5,19.2296106726978
Dumka,2018,5,10.979178768243749
Gumla,2018,5,4.648431977944312
Jamtara,2018,5,6.745727481928636
Latehar,2018,5,3.4795192526298644
Palamu,2018,5,2.7908030086644624
Pashchim Singhbhum,2018,5,8.128198574065973
Seraikela_Kharsawan,2018,5,4.071620186822951
Simdega,2018,5,4.756551461839815
Deoghar,2018,5,8.164803326860616
Godda,2018,5,13.088043100215156
Lohardaga,2018,5,4.107794489415641
Ranchi,2018,5,4.045619084270241
Dhanbad,2018,5,3.280083640577207
Purba Singhbhum,2018,6,9.88249105120538
Bokaro,2018,6,11.009905805363992
Chatra,2018,6,7.439042451684729
Garhwa,2018,6,5.318162854449873
Giridih,2018,6,9.751433372124021
Hazaribag,2018,6,9.594219325886666
Koderma,2018,6,8.7532544069177
Pakur,2018,6,16.123956202247363
Sahibganj,2018,6,17.36401982926723
Dumka,2018,6,12.87965035593984
Gumla,2018,6,10.820637294506907
Jamtara,2018,6,11.585564872185985
Latehar,2018,6,7.457289559706323
Palamu,2018,6,4.78589070170481
Pashchim Singhbhum,2018,6,11.24611725987003
Seraikela_Kharsawan,2018,6,9.06836709531934
Simdega,2018,6,11.240569740066084
Deoghar,2018,6,11.302375561023272
Godda,2018,6,11.438630754660325
Lohardaga,2018,6,9.25393503567819
Ranchi,2018,6,9.977205614146474
Dhanbad,2018,6,7.699848809224267
Purba Singhbhum,2018,7,23.31285673469614
Bokaro,2018,7,23.16606124686529
Chatra,2018,7,17.14437893995577
Garhwa,2018,7,17.066407467762314
Giridih,2018,7,19.25911496042475
Hazaribag,2018,7,20.676087235759567
Koderma,2018,7,16.61937762849925
Pakur,2018,7,23.53300571310984
Sahibganj,2018,7,23.424822840812013
Dumka,2018,7,22.32675681158803
Gumla,2018,7,23.449278393503842
Jamtara,2018,7,23.17941640762769
Latehar,2018,7,20.426161282173364
Palamu,2018,7,15.32841117410476
Pashchim Singhbhum,2018,7,23.50110642936642
Seraikela_Kharsawan,2018,7,22.31673377307879
Simdega,2018,7,24.366540743532898
Deoghar,2018,7,20.6413200445782
Godda,2018,7,19.939023575385846
Lohardaga,2018,7,22.76495078921889
Ranchi,2018,7,22.740139862987487
Dhanbad,2018,7,19.768521079062438
Purba Singhbhum,2018,8,25.069485268119315
Bokaro,2018,8,25.31092454074207
Chatra,2018,8,24.86539258720252
Garhwa,2018,8,25.03681362785376
Giridih,2018,8,25.096774572864962
Hazaribag,2018,8,25.18058606435103
Koderma,2018,8,24.82812824064089
Pakur,2018,8,24.927098549562643
Sahibganj,2018,8,24.808642428880965
Dumka,2018,8,25.002035098097046
Gumla,2018,8,25.181017392134383
Jamtara,2018,8,25.190841451916732
Latehar,2018,8,25.014031053329592
Palamu,2018,8,24.95069244124083
Pashchim Singhbhum,2018,8,25.130726002067544
Seraikela_Kharsawan,2018,8,25.04120549594807
Simdega,2018,8,25.269603675182598
Deoghar,2018,8,25.00256256241584
Godda,2018,8,24.701803672560352
Lohardaga,2018,8,25.156017702732363
Ranchi,2018,8,25.2361674783066
Dhanbad,2018,8,25.28089861989144
Purba Singhbhum,2018,9,24.1382591073375
Bokaro,2018,9,23.957627614497905
Chatra,2018,9,21.997201030013642
Garhwa,2018,9,21.0570683865708
Giridih,2018,9,22.795256149325677
Hazaribag,2018,9,23.389583707097945
Koderma,2018,9,22.483214859309193
Pakur,2018,9,23.650213084404747
Sahibganj,2018,9,23.15982351078743
Dumka,2018,9,23.644041305789987
Gumla,2018,9,23.65736567797023
Jamtara,2018,9,23.71947636323816
Latehar,2018,9,22.340118701395166
Palamu,2018,9,21.524501641197098
Pashchim Singhbhum,2018,9,23.98538636599934
Seraikela_Kharsawan,2018,9,23.827992545867055
Simdega,2018,9,23.316414032338017
Deoghar,2018,9,23.235415913525614
Godda,2018,9,23.156936072791055
Lohardaga,2018,9,23.23622230274255
Ranchi,2018,9,23.756997252131978
Dhanbad,2018,9,23.657727012660434
Purba Singhbhum,2018,10,16.457601688187307
Bokaro,2018,10,14.737528217237589
Chatra,2018,10,8.97384857255235
Garhwa,2018,10,8.694806579576477
Giridih,2018,10,10.218818477714285
Hazaribag,2018,10,11.995603415989413
Koderma,2018,10,9.724711199922984
Pakur,2018,10,17.810727532350008
Sahibganj,2018,10,17.32067054861636
Dumka,2018,10,15.408823865692078
Gumla,2018,10,11.690488616099046
Jamtara,2018,10,14.64723928427442
Latehar,2018,10,9.46942948610876
Palamu,2018,10,8.916732686056443
Pashchim Singhbhum,2018,10,15.827847553793182
Seraikela_Kharsawan,2018,10,16.141187191592373
Simdega,2018,10,10.758154715319668
Deoghar,2018,10,11.77450607815334
Godda,2018,10,15.579534426399771
Lohardaga,2018,10,10.294989478645146
Ranchi,2018,10,14.037114407203296
Dhanbad,2018,10,14.10981070852296
Purba Singhbhum,2018,11,7.795477392119773
Bokaro,2018,11,6.354716714596189
Chatra,2018,11,3.426362845590109
Garhwa,2018,11,3.58043914657907
Giridih,2018,11,4.097631123276147
Hazaribag,2018,11,4.858374137804796
Koderma,2018,11,3.8856659432573752
Pakur,2018,11,10.102124880475056
Sahibganj,2018,11,10.4233467431365
Dumka,2018,11,7.261586490610557
Gumla,2018,11,4.811531442484349
Jamtara,2018,11,5.736070888766271
Latehar,2018,11,3.75149241102324
Palamu,2018,11,3.509924975511425
Pashchim Singhbhum,2018,11,7.30285538037301
Seraikela_Kharsawan,2018,11,7.159196845866344
Simdega,2018,11,3.966706449157968
Deoghar,2018,11,4.80533959381217
Godda,2018,11,7.709322203845701
Lohardaga,2018,11,4.273957901251945
Ranchi,2018,11,6.27189875961054
Dhanbad,2018,11,6.0437580415309196
Purba Singhbhum,2018,12,8.29121060438355
Bokaro,2018,12,7.489801115294546
Chatra,2018,12,5.591225402692566
Garhwa,2018,12,4.629026179349166
Giridih,2018,12,5.631105684959011
Hazaribag,2018,12,6.419227460276345
Koderma,2018,12,5.842549095133235
Pakur,2018,12,8.037402996463443
Sahibganj,2018,12,8.31310492183484
Dumka,2018,12,6.850258688253996
Gumla,2018,12,8.292844825586641
Jamtara,2018,12,6.974789291231986
Latehar,2018,12,6.830480244160102
Palamu,2018,12,4.64447539665608
Pashchim Singhbhum,2018,12,9.311101742677469
Seraikela_Kharsawan,2018,12,8.731661528782013
Simdega,2018,12,8.62408802451024
Deoghar,2018,12,5.741967287108134
Godda,2018,12,6.897376855390178
Lohardaga,2018,12,7.995502889327456
Ranchi,2018,12,8.682335569830165
Dhanbad,2018,12,6.922438178194849
Purba Singhbhum,2019,1,5.593724324349404
Bokaro,2019,1,4.633369261898283
Chatra,2019,1,3.835263094547053
Garhwa,2019,1,4.086480349571205
Giridih,2019,1,3.813692948431426
Hazaribag,2019,1,4.437061720145157
Koderma,2019,1,3.5148752797254343
Pakur,2019,1,4.95132303727912
Sahibganj,2019,1,5.512867161968697
Dumka,2019,1,4.412937333089783
Gumla,2019,1,6.055439707841416
Jamtara,2019,1,4.8348755963555545
Latehar,2019,1,4.93398115556499
Palamu,2019,1,3.425679380573003
Pashchim Singhbhum,2019,1,7.327613137287801
Seraikela_Kharsawan,2019,1,6.533677454472688
Simdega,2019,1,6.622075466178498
Deoghar,2019,1,3.6363596119730355
Godda,2019,1,4.109550454985227
Lohardaga,2019,1,5.890031971201374
Ranchi,2019,1,6.742695395542173
Dhanbad,2019,1,4.374082787379362
Purba Singhbhum,2019,2,4.867927096735191
Bokaro,2019,2,5.619186862373257
Chatra,2019,2,6.5112954420807645
Garhwa,2019,2,6.606042379420211
Giridih,2019,2,5.963247207168363
Hazaribag,2019,2,6.699629719005915
Koderma,2019,2,7.022499466791123
Pakur,2019,2,6.576439389979027
Sahibganj,2019,2,7.833299476793801
Dumka,2019,2,5.754344213823284
Gumla,2019,2,4.985776580641837
Jamtara,2019,2,5.82367868287922
Latehar,2019,2,6.004672748967695
Palamu,2019,2,5.561737973623069
Pashchim Singhbhum,2019,2,5.718257071716443
Seraikela_Kharsawan,2019,2,5.119153719467749
Simdega,2019,2,4.65375657019465
Deoghar,2019,2,5.044523386181409
Godda,2019,2,6.554967764786792
Lohardaga,2019,2,5.981443034176623
Ranchi,2019,2,5.659284281811115
Dhanbad,2019,2,6.289921472527861
Purba Singhbhum,2019,3,6.321639411460751
Bokaro,2019,3,5.287452388393005
Chatra,2019,3,4.511116135411696
Garhwa,2019,3,4.555378130366807
Giridih,2019,3,3.931824475182986
Hazaribag,2019,3,5.085261326546359
Koderma,2019,3,4.760062135346113
Pakur,2019,3,6.308395130290376
Sahibganj,2019,3,5.619475472945381
Dumka,2019,3,5.4108925555994345
Gumla,2019,3,3.7647358970152025
Jamtara,2019,3,4.406763052639168
Latehar,2019,3,4.688009373452324
Palamu,2019,3,3.712405492470169
Pashchim Singhbhum,2019,3,6.130649675430059
Seraikela_Kharsawan,2019,3,4.860703018555801
Simdega,2019,3,3.7603999311776786
Deoghar,2019,3,3.6577207731421195
Godda,2019,3,4.839534788104599
Lohardaga,2019,3,4.752835055800717
Ranchi,2019,3,5.343030997277916
Dhanbad,2019,3,5.15348052986689
Purba Singhbhum,2019,4,7.222331454481953
Bokaro,2019,4,4.464196674447624
Chatra,2019,4,2.944359901683487
Garhwa,2019,4,2.6856900905027654
Giridih,2019,4,4.514401432303448
Hazaribag,2019,4,3.879726391908594
Koderma,2019,4,3.6043129341502027
Pakur,2019,4,9.854322252779422
Sahibganj,2019,4,6.440462124067239
Dumka,2019,4,7.805263312566062
Gumla,2019,4,3.6920252308283357
Jamtara,2019,4,7.339458824098228
Latehar,2019,4,2.9942017901681943
Palamu,2019,4,2.4738214258824462
Pashchim Singhbhum,2019,4,7.047991267391328
Seraikela_Kharsawan,2019,4,5.395627827775813
Simdega,2019,4,4.485991075627868
Deoghar,2019,4,5.651328545318175
Godda,2019,4,5.59565282907367
Lohardaga,2019,4,3.3315027927097525
Ranchi,2019,4,5.074042637882142
Dhanbad,2019,4,5.896968846824589
Purba Singhbhum,2019,5,8.360448830295585
Bokaro,2019,5,5.0864647775962855
Chatra,2019,5,2.5207327245243305
Garhwa,2019,5,2.2828142002910257
Giridih,2019,5,3.9149578009349915
Hazaribag,2019,5,3.4983779998669493
Koderma,2019,5,2.6211305799157625
Pakur,2019,5,12.302410422717315
Sahibganj,2019,5,13.558726155369888
Dumka,2019,5,8.632071006188802
Gumla,2019,5,2.750781139758924
Jamtara,2019,5,7.427144934243475
Latehar,2019,5,2.381780906358929
Palamu,2019,5,2.223892078148209
Pashchim Singhbhum,2019,5,7.017885370401507
Seraikela_Kharsawan,2019,5,5.464231387697515
Simdega,2019,5,3.013043636669272
Deoghar,2019,5,5.889922450838628
Godda,2019,5,9.369392881648007
Lohardaga,2019,5,2.527632517335518
Ranchi,2019,5,4.712051853184133
Dhanbad,2019,5,5.9791006898079
Purba Singhbhum,2019,6,5.541629555418292
Bokaro,2019,6,5.005929210218144
Chatra,2019,6,4.230286254352591
Garhwa,2019,6,4.560578147455417
Giridih,2019,6,4.537043445590147
Hazaribag,2019,6,4.991377530409873
Koderma,2019,6,3.806193543033436
Pakur,2019,6,11.078694997829661
Sahibganj,2019,6,14.433676179209101
Dumka,2019,6,8.122378837901207
Gumla,2019,6,5.45214993612651
Jamtara,2019,6,7.283179225255226
Latehar,2019,6,4.371006225495357
Palamu,2019,6,3.61286517256802
Pashchim Singhbhum,2019,6,7.32761163884701
Seraikela_Kharsawan,2019,6,4.926387333601174
Simdega,2019,6,8.26653076803424
Deoghar,2019,6,5.824620594493979
Godda,2019,6,8.476071591287628
Lohardaga,2019,6,4.46630213916587
Ranchi,2019,6,5.551355706178071
Dhanbad,2019,6,5.287195489142585
Purba Singhbhum,2019,7,19.655759959476665
Bokaro,2019,7,22.708482863720935
Chatra,2019,7,19.408090227773453
Garhwa,2019,7,21.893022008052895
Giridih,2019,7,21.388850752978968
Hazaribag,2019,7,21.54586698999394
Koderma,2019,7,19.562954597102788
Pakur,2019,7,23.554803169177312
Sahibganj,2019,7,24.189892912387393
Dumka,2019,7,23.35493952951122
Gumla,2019,7,21.374968771090334
Jamtara,2019,7,22.678718306356583
Latehar,2019,7,21.86197475139518
Palamu,2019,7,20.933260068994926
Pashchim Singhbhum,2019,7,20.887898579751216
Seraikela_Kharsawan,2019,7,18.177630281765687
Simdega,2019,7,24.20257422709276
Deoghar,2019,7,22.230656265307775
Godda,2019,7,22.97883237261208
Lohardaga,2019,7,21.897031060360277
Ranchi,2019,7,21.824951729131218
Dhanbad,2019,7,22.086319617061204
Purba Singhbhum,2019,8,25.001832462799808
Bokaro,2019,8,25.095634690892737
Chatra,2019,8,24.495538317360054
Garhwa,2019,8,24.9999899980743
Giridih,2019,8,24.90099621443917
Hazaribag,2019,8,24.884561888526328
Koderma,2019,8,24.50908006536408
Pakur,2019,8,24.52169333178135
Sahibganj,2019,8,24.407429846647744
Dumka,2019,8,24.779361158578414
Gumla,2019,8,25.07464901663669
Jamtara,2019,8,24.81917581810482
Latehar,2019,8,24.74937055526634
Palamu,2019,8,24.814418784635507
Pashchim Singhbhum,2019,8,24.868356033315305
Seraikela_Kharsawan,2019,8,24.954247171976274
Simdega,2019,8,25.30387836417472
Deoghar,2019,8,24.796007925769562
Godda,2019,8,24.300340815152325
Lohardaga,2019,8,24.94064367285186
Ranchi,2019,8,24.974751284366764
Dhanbad,2019,8,25.02570135282007
Purba Singhbhum,2019,9,24.82010889193039
Bokaro,2019,9,24.93465987504035
Chatra,2019,9,24.708727104236157
Garhwa,2019,9,25.062531634083047
Giridih,2019,9,24.693823202062816
Hazaribag,2019,9,24.852998183313137
Koderma,2019,9,24.83432402862829
Pakur,2019,9,24.96587943806763
Sahibganj,2019,9,25.031998236026453
Dumka,2019,9,24.961745879876077
Gumla,2019,9,24.82952891719496
Jamtara,2019,9,24.80147501097994
Latehar,2019,9,24.644953975142958
Palamu,2019,9,24.94751050554866
Pashchim Singhbhum,2019,9,24.92223231543185
Seraikela_Kharsawan,2019,9,24.902103638820595
Simdega,2019,9,25.005100083693566
Deoghar,2019,9,24.918911011679707
Godda,2019,9,24.95616018397419
Lohardaga,2019,9,24.339055145756486
Ranchi,2019,9,24.80087649512674
Dhanbad,2019,9,24.90872002465291
Purba Singhbhum,2019,10,23.15667948234874
Bokaro,2019,10,22.938581411920666
Chatra,2019,10,22.416819225953684
Garhwa,2019,10,19.856920573317684
Giridih,2019,10,22.378290664978195
Hazaribag,2019,10,22.724211788404432
Koderma,2019,10,22.758365106942723
Pakur,2019,10,22.74587606063069
Sahibganj,2019,10,22.392660647793964
Dumka,2019,10,22.563074949816563
Gumla,2019,10,23.436601982719047
Jamtara,2019,10,22.91893117944572
Latehar,2019,10,22.564465272624663
Palamu,2019,10,20.720787236068002
Pashchim Singhbhum,2019,10,23.417185486837667
Seraikela_Kharsawan,2019,10,23.29075799253216
Simdega,2019,10,23.29436374084826
Deoghar,2019,10,22.63538800772351
Godda,2019,10,22.69291508598851
Lohardaga,2019,10,22.91635283374331
Ranchi,2019,10,23.2291428515108
Dhanbad,2019,10,22.505975905370338
Purba Singhbhum,2019,11,15.927159897545778
Bokaro,2019,11,16.420315150076668
Chatra,2019,11,12.833743877089326
Garhwa,2019,11,9.17901251041414
Giridih,2019,11,13.768972510881293
Hazaribag,2019,11,14.835510330569956
Koderma,2019,11,13.85719509829467
Pakur,2019,11,17.337856881467765
Sahibganj,2019,11,17.55270266310077
Dumka,2019,11,16.3228349581137
Gumla,2019,11,14.442404641534655
Jamtara,2019,11,15.414677464627863
Latehar,2019,11,13.199301048140537
Palamu,2019,11,10.20405859492002
Pashchim Singhbhum,2019,11,16.612833070831112
Seraikela_Kharsawan,2019,11,16.589882079081313
Simdega,2019,11,14.248949943980806
Deoghar,2019,11,15.257888869660258
Godda,2019,11,16.55983806104574
Lohardaga,2019,11,13.929933103305876
Ranchi,2019,11,15.373123028983082
Dhanbad,2019,11,16.27933922686886
Purba Singhbhum,2019,12,8.761042470100586
Bokaro,2019,12,9.592592659082287
Chatra,2019,12,7.146453099215566
Garhwa,2019,12,7.047728439553286
Giridih,2019,12,8.545402115625018
Hazaribag,2019,12,9.098074639996952
Koderma,2019,12,9.146943576384775
Pakur,2019,12,10.846218676780806
Sahibganj,2019,12,11.752125300171683
Dumka,2019,12,9.696204961906318
Gumla,2019,12,9.190226709604994
Jamtara,2019,12,9.208366629167172
Latehar,2019,12,7.397583327771117
Palamu,2019,12,6.636541257984798
Pashchim Singhbhum,2019,12,9.510157508033803
Seraikela_Kharsawan,2019,12,9.994171772251855
Simdega,2019,12,7.545904130109266
Deoghar,2019,12,8.656166770621066
Godda,2019,12,9.940520313222564
Lohardaga,2019,12,8.244425630569461
Ranchi,2019,12,9.385272125322999
Dhanbad,2019,12,9.771710819114261
Purba Singhbhum,2020,1,7.838015582829075
Bokaro,2020,1,8.277732897626121
Chatra,2020,1,10.63414011373735
Garhwa,2020,1,10.293930692292596
Giridih,2020,1,9.568351570246753
Hazaribag,2020,1,10.146587049368122
Koderma,2020,1,11.578392566600668
Pakur,2020,1,9.210341406045861
Sahibganj,2020,1,9.850428475128847
Dumka,2020,1,8.830917392551566
Gumla,2020,1,10.972923635941951
Jamtara,2020,1,9.286648539841716
Latehar,2020,1,9.911900133709718
Palamu,2020,1,8.996556953133474
Pashchim Singhbhum,2020,1,8.320972372937563
Seraikela_Kharsawan,2020,1,8.69715393151373
Simdega,2020,1,7.975290869051799
Deoghar,2020,1,8.553978799242618
Godda,2020,1,8.28625864885445
Lohardaga,2020,1,10.735546793777981
Ranchi,2020,1,9.805371008002458
Dhanbad,2020,1,8.013409219255667
Purba Singhbhum,2020,2,4.9748561291492805
Bokaro,2020,2,5.3688056714166965
Chatra,2020,2,6.518167558550089
Garhwa,2020,2,6.126523026154326
Giridih,2020,2,5.6470664544860085
Hazaribag,2020,2,6.367082488343791
Koderma,2020,2,7.569757081801322
Pakur,2020,2,7.001403528548755
Sahibganj,2020,2,7.300575978825871
Dumka,2020,2,6.239546325429112
Gumla,2020,2,7.734172233086137
Jamtara,2020,2,6.458659944730082
Latehar,2020,2,5.9075680305582114
Palamu,2020,2,5.351112611333667
Pashchim Singhbhum,2020,2,6.021044296164181
Seraikela_Kharsawan,2020,2,5.53911671527747
Simdega,2020,2,6.273682994347229
Deoghar,2020,2,5.631795651371269
Godda,2020,2,6.39641864483173
Lohardaga,2020,2,7.333552686221292
Ranchi,2020,2,6.562306480196722
Dhanbad,2020,2,5.0975375749249965
Purba Singhbhum,2020,3,4.682524787378931
Bokaro,2020,3,8.900287268998563
Chatra,2020,3,12.16613267682497
Garhwa,2020,3,12.546365948199593
Giridih,2020,3,11.202460950637636
Hazaribag,2020,3,11.735845619488167
Koderma,2020,3,11.957487852056436
Pakur,2020,3,6.1865437907653655
Sahibganj,2020,3,6.953110436028602
Dumka,2020,3,7.504914600412325
Gumla,2020,3,12.245797952877599
Jamtara,2020,3,9.550216133962543
Latehar,2020,3,12.54502073825056
Palamu,2020,3,11.661581994858208
Pashchim Singhbhum,2020,3,7.097760537839945
Seraikela_Kharsawan,2020,3,5.653125785184945
Simdega,2020,3,9.158006597923677
Deoghar,2020,3,8.143860584869763
Godda,2020,3,7.0981434486315615
Lohardaga,2020,3,14.165463425440082
Ranchi,2020,3,9.455917518521314
Dhanbad,2020,3,10.456983394642418
Purba Singhbhum,2020,4,7.075711800601943
Bokaro,2020,4,5.645168636955742
Chatra,2020,4,4.238396567385131
Garhwa,2020,4,4.574375204762189
Giridih,2020,4,6.501418088240053
Hazaribag,2020,4,6.047190727792619
Koderma,2020,4,4.86520170805395
Pakur,2020,4,7.768771131250065
Sahibganj,2020,4,6.942405337715702
Dumka,2020,4,6.601627660610944
Gumla,2020,4,9.182165447717749
Jamtara,2020,4,6.7570556003587114
Latehar,2020,4,5.530576593164912
Palamu,2020,4,3.8635946311425653
Pashchim Singhbhum,2020,4,9.940100830241573
Seraikela_Kharsawan,2020,4,6.025639886815926
Simdega,2020,4,10.76327815137943
Deoghar,2020,4,6.340948739875775
Godda,2020,4,7.651384737080749
Lohardaga,2020,4,6.772226350501396
Ranchi,2020,4,7.463558033188335
Dhanbad,2020,4,7.169865076534544
Purba Singhbhum,2020,5,8.631113782725267
Bokaro,2020,5,7.395646505158245
Chatra,2020,5,3.128060411020399
Garhwa,2020,5,3.61619537719446
Giridih,2020,5,7.672375735182519
Hazaribag,2020,5,5.767777289355637
Koderma,2020,5,7.064843087134622
Pakur,2020,5,10.786281958091138
Sahibganj,2020,5,9.234796603034093
Dumka,2020,5,8.162195916190713
Gumla,2020,5,7.722858482394273
Jamtara,2020,5,7.847036779609253
Latehar,2020,5,3.8739694005632024
Palamu,2020,5,2.716295400943682
Pashchim Singhbhum,2020,5,13.612108664115906
Seraikela_Kharsawan,2020,5,6.326690758147284
Simdega,2020,5,10.495816750972283
Deoghar,2020,5,7.228044394714679
Godda,2020,5,9.60341217099462
Lohardaga,2020,5,5.337376991413428
Ranchi,2020,5,7.852566330258777
Dhanbad,2020,5,8.510129099068756
Purba Singhbhum,2020,6,18.934683472667754
Bokaro,2020,6,17.81037163270216
Chatra,2020,6,13.42128668122274
Garhwa,2020,6,15.525471052035291
Giridih,2020,6,18.790760127351316
Hazaribag,2020,6,16.278824170707264
Koderma,2020,6,16.7943386956969
Pakur,2020,6,21.378562753647127
Sahibganj,2020,6,20.980459523055
Dumka,2020,6,19.949108064484424
Gumla,2020,6,18.12688377323709
Jamtara,2020,6,18.978476745734984
Latehar,2020,6,14.246556321653191
Palamu,2020,6,14.665199497885592
Pashchim Singhbhum,2020,6,18.625859355603044
Seraikela_Kharsawan,2020,6,16.93214750827435
Simdega,2020,6,18.658656479436264
Deoghar,2020,6,19.398704752056346
Godda,2020,6,18.985638602351223
Lohardaga,2020,6,16.12479356031099
Ranchi,2020,6,17.576993226535638
Dhanbad,2020,6,18.273063061046894
Purba Singhbhum,2020,7,24.739250637061758
Bokaro,2020,7,25.01398249096236
Chatra,2020,7,24.78632219082976
Garhwa,2020,7,25.10159209757273
Giridih,2020,7,25.021283645776585
Hazaribag,2020,7,24.926651445570684
Koderma,2020,7,24.846400462050788
Pakur,2020,7,24.923792839983616
Sahibganj,2020,7,25.05195911891838
Dumka,2020,7,24.96220236987954
Gumla,2020,7,24.98862126660637
Jamtara,2020,7,25.006089889716126
Latehar,2020,7,24.914106691657825
Palamu,2020,7,25.097886547428363
Pashchim Singhbhum,2020,7,24.39270114613264
Seraikela_Kharsawan,2020,7,24.581446922879394
Simdega,2020,7,24.856647745816602
Deoghar,2020,7,24.986687968922716
Godda,2020,7,24.891909025834273
Lohardaga,2020,7,24.86963435633902
Ranchi,2020,7,24.762457880764167
Dhanbad,2020,7,25.0266104610889
Purba Singhbhum,2020,8,24.56458282509239
Bokaro,2020,8,24.718228301106848
Chatra,2020,8,24.211911868091597
Garhwa,2020,8,24.485899923477476
Giridih,2020,8,24.636985706546135
Hazaribag,2020,8,24.584339914903655
Koderma,2020,8,24.532139511170122
Pakur,2020,8,24.88778312744331
Sahibganj,2020,8,24.901501917739175
Dumka,2020,8,24.844924322634917
Gumla,2020,8,24.905470778022313
Jamtara,2020,8,24.766157981956894
Latehar,2020,8,24.446539609339002
Palamu,2020,8,24.27996082051025
Pashchim Singhbhum,2020,8,24.556149181136107
Seraikela_Kharsawan,2020,8,24.55818482693909
Simdega,2020,8,25.031210729990327
Deoghar,2020,8,24.676446177008824
Godda,2020,8,24.537250271153813
Lohardaga,2020,8,24.581753441021213
Ranchi,2020,8,24.728434417580132
Dhanbad,2020,8,24.772161283679395
Purba Singhbhum,2020,9,23.84777930182921
Bokaro,2020,9,24.09733934897634
Chatra,2020,9,23.29925368324015
Garhwa,2020,9,21.862458847888043
Giridih,2020,9,24.223379363600742
Hazaribag,2020,9,23.90804137820479
Koderma,2020,9,24.195859402385988
Pakur,2020,9,24.435077858381852
Sahibganj,2020,9,24.514009015928192
Dumka,2020,9,24.427839796968684
Gumla,2020,9,23.953725136667938
Jamtara,2020,9,24.22192781601223
Latehar,2020,9,23.467265245597975
Palamu,2020,9,22.124339418639423
Pashchim Singhbhum,2020,9,23.602213242010226
Seraikela_Kharsawan,2020,9,23.65600005857941
Simdega,2020,9,23.500898727871277
Deoghar,2020,9,24.3676715832458
Godda,2020,9,24.411250575536645
Lohardaga,2020,9,23.733920593352988
Ranchi,2020,9,23.762671234436265
Dhanbad,2020,9,24.24505775792982
Purba Singhbhum,2020,10,21.09983497124053
Bokaro,2020,10,19.568414856181764
Chatra,2020,10,18.572999841675973
Garhwa,2020,10,16.486452686562124
Giridih,2020,10,18.07431561361774
Hazaribag,2020,10,19.310496190163153
Koderma,2020,10,18.145531612692533
Pakur,2020,10,19.68028105763592
Sahibganj,2020,10,19.28045292558341
Dumka,2020,10,19.134209522664367
Gumla,2020,10,19.751650569557935
Jamtara,2020,10,18.822500387764805
Latehar,2020,10,19.52591588237498
Palamu,2020,10,17.344789221275892
Pashchim Singhbhum,2020,10,19.954419409477126
Seraikela_Kharsawan,2020,10,19.855023779267444
Simdega,2020,10,18.824014929306337
Deoghar,2020,10,18.552264683440075
Godda,2020,10,19.17016051441096
Lohardaga,2020,10,19.676586361022665
Ranchi,2020,10,19.527469631523
Dhanbad,2020,10,19.07774168667746
Purba Singhbhum,2020,11,8.69691006108141
Bokaro,2020,11,7.726852831278692
Chatra,2020,11,7.572328895573182
Garhwa,2020,11,7.130665673073373
Giridih,2020,11,6.934760495343279
Hazaribag,2020,11,8.046495996879628
Koderma,2020,11,8.094648077907173
Pakur,2020,11,10.268345906744264
Sahibganj,2020,11,10.072338704020986
Dumka,2020,11,8.214653207664849
Gumla,2020,11,8.969269240379457
Jamtara,2020,11,6.7461840872984835
Latehar,2020,11,8.155160433975198
Palamu,2020,11,7.0445190240280455
Pashchim Singhbhum,2020,11,8.572013176543564
Seraikela_Kharsawan,2020,11,8.090309842034685
Simdega,2020,11,7.176301510182297
Deoghar,2020,11,7.017190619511555
Godda,2020,11,9.631540080793394
Lohardaga,2020,11,8.49130671480626
Ranchi,2020,11,8.563557739991818
Dhanbad,2020,11,6.998064482665689
Purba Singhbhum,2020,12,3.7848180926849238
Bokaro,2020,12,3.7296755882840253
Chatra,2020,12,5.301256193990936
Garhwa,2020,12,5.466975231166478
Giridih,2020,12,4.581077351221721
Hazaribag,2020,12,4.613729983711765
Koderma,2020,12,5.81386021959486
Pakur,2020,12,5.969010702339631
Sahibganj,2020,12,5.583847538333074
Dumka,2020,12,4.456543324068703
Gumla,2020,12,5.473741124069676
Jamtara,2020,12,4.110912719358345
Latehar,2020,12,4.8844679965331155
Palamu,2020,12,5.260535454000294
Pashchim Singhbhum,2020,12,3.967584385611681
Seraikela_Kharsawan,2020,12,3.7869649098875664
Simdega,2020,12,3.9512220947792116
Deoghar,2020,12,3.924740550048992
Godda,2020,12,5.529538700580973
Lohardaga,2020,12,5.290924695747322
Ranchi,2020,12,4.8272189563492125
Dhanbad,2020,12,3.4287973176055786
Purba Singhbhum,2021,1,2.4347894171992137
Bokaro,2021,1,2.985437233999736
Chatra,2021,1,3.7764523613292575
Garhwa,2021,1,4.092559477074646
Giridih,2021,1,3.6803017126123305
Hazaribag,2021,1,3.244710367833948
Koderma,2021,1,4.639732940297297
Pakur,2021,1,3.880206607236952
Sahibganj,2021,1,3.6287680097906354
Dumka,2021,1,2.900558755740905
Gumla,2021,1,3.5851562881779193
Jamtara,2021,1,3.243049117636877
Latehar,2021,1,3.532101219473399
Palamu,2021,1,3.8477964937911087
Pashchim Singhbhum,2021,1,2.333482530773732
Seraikela_Kharsawan,2021,1,2.490460762199817
Simdega,2021,1,2.901630244064113
Deoghar,2021,1,2.791148809021283
Godda,2021,1,3.5758197684175785
Lohardaga,2021,1,3.1605122038337043
Ranchi,2021,1,2.92683987099172
Dhanbad,2021,1,2.773984244293164
Purba Singhbhum,2021,2,2.2046549755800284
Bokaro,2021,2,2.544426282286585
Chatra,2021,2,2.9657025845535423
Garhwa,2021,2,3.1482184954186674
Giridih,2021,2,2.831183382154377
Hazaribag,2021,2,2.6227632397264147
Koderma,2021,2,3.0605798366257555
Pakur,2021,2,3.1262131459233715
Sahibganj,2021,2,2.5118708830282377
Dumka,2021,2,2.2713026064708104
Gumla,2021,2,2.857817526747706
Jamtara,2021,2,2.5523560079858094
Latehar,2021,2,2.8363924103708245
Palamu,2021,2,3.010907080189325
Pashchim Singhbhum,2021,2,2.097492027632351
Seraikela_Kharsawan,2021,2,2.2096527314098666
Simdega,2021,2,2.903399252816701
Deoghar,2021,2,2.2290820035924703
Godda,2021,2,2.7038896718761056
Lohardaga,2021,2,2.3600998732176692
Ranchi,2021,2,2.2413455867785212
Dhanbad,2021,2,2.486429238446085
Purba Singhbhum,2021,3,2.0590575273524196
Bokaro,2021,3,2.474892777737177
Chatra,2021,3,2.532918519990917
Garhwa,2021,3,2.5287423827488387
Giridih,2021,3,2.2112382583987626
Hazaribag,2021,3,2.2653624975118785
Koderma,2021,3,2.6228272462868514
Pakur,2021,3,2.4986583971655234
Sahibganj,2021,3,2.161066308026924
Dumka,2021,3,2.0609359726905376
Gumla,2021,3,2.41006818193198
Jamtara,2021,3,2.3858496487211256
Latehar,2021,3,2.388352816207715
Palamu,2021,3,2.4277732879188125
Pashchim Singhbhum,2021,3,2.0630191937743043
Seraikela_Kharsawan,2021,3,2.1632219336367355
Simdega,2021,3,2.5506239730216644
Deoghar,2021,3,1.9846325261475948
Godda,2021,3,2.3560051393252834
Lohardaga,2021,3,2.166536843662628
Ranchi,2021,3,2.134111165240431
Dhanbad,2021,3,2.429326271434577
Purba Singhbhum,2021,4,2.2593897030394237
Bokaro,2021,4,2.408984053093257
Chatra,2021,4,2.378034954406159
Garhwa,2021,4,2.4479168318574285
Giridih,2021,4,2.1038249628765597
Hazaribag,2021,4,2.164707537245105
Koderma,2021,4,2.200167903172288
Pakur,2021,4,2.2410270860690287
Sahibganj,2021,4,2.171381654026353
Dumka,2021,4,2.1031648816564954
Gumla,2021,4,2.2394260392679706
Jamtara,2021,4,2.4726328739901557
Latehar,2021,4,2.3601346862238124
Palamu,2021,4,2.289358025580833
Pashchim Singhbhum,2021,4,2.1097928761353706
Seraikela_Kharsawan,2021,4,2.239400998626117
Simdega,2021,4,2.457096284206661
Deoghar,2021,4,2.0235949786552823
Godda,2021,4,2.3074521464658297
Lohardaga,2021,4,2.0509014648113535
Ranchi,2021,4,2.0527194698267937
Dhanbad,2021,4,2.4694847737144925
Purba Singhbhum,2021,5,7.258706712255526
Bokaro,2021,5,9.706728015669693
Chatra,2021,5,9.368123501894893
Garhwa,2021,5,7.631376560309764
Giridih,2021,5,11.205572706463501
Hazaribag,2021,5,10.31480529087046
Koderma,2021,5,11.85065434074196
Pakur,2021,5,9.7885959591271
Sahibganj,2021,5,8.588671570780043
Dumka,2021,5,10.135824968782634
Gumla,2021,5,8.041000727396101
Jamtara,2021,5,11.165076325074326
Latehar,2021,5,9.228611343918004
Palamu,2021,5,6.839492778773495
Pashchim Singhbhum,2021,5,7.862809215296961
Seraikela_Kharsawan,2021,5,7.407475259856784
Simdega,2021,5,6.495857391486235
Deoghar,2021,5,9.90385404206547
Godda,2021,5,11.151853990261069
Lohardaga,2021,5,8.709307824139394
Ranchi,2021,5,9.113488522623744
Dhanbad,2021,5,8.885921370545846
Purba Singhbhum,2021,6,21.389752561702352
Bokaro,2021,6,21.76074187754395
Chatra,2021,6,21.742144162466545
Garhwa,2021,6,19.89556678892279
Giridih,2021,6,22.53204031728167
Hazaribag,2021,6,22.516833581735685
Koderma,2021,6,22.52639892520514
Pakur,2021,6,23.704802890373642
Sahibganj,2021,6,22.073029216934778
Dumka,2021,6,23.637852030846638
Gumla,2021,6,21.040276223423486
Jamtara,2021,6,23.24869986932079
Latehar,2021,6,22.18675042879144
Palamu,2021,6,19.594310373137013
Pashchim Singhbhum,2021,6,22.42212232768964
Seraikela_Kharsawan,2021,6,20.615846861352676
Simdega,2021,6,19.928771271438467
Deoghar,2021,6,23.087505222271567
Godda,2021,6,22.87184352630726
Lohardaga,2021,6,23.09684848785401
Ranchi,2021,6,22.385829486473213
Dhanbad,2021,6,21.55031986910062
Purba Singhbhum,2021,7,24.704201622290576
Bokaro,2021,7,24.85676852620011
Chatra,2021,7,23.458777637232384
Garhwa,2021,7,22.518432830563256
Giridih,2021,7,24.473474621008716
Hazaribag,2021,7,24.44485828987062
Koderma,2021,7,24.180447339754398
Pakur,2021,7,24.97265015536965
Sahibganj,2021,7,24.938694522106523
Dumka,2021,7,24.778748890655905
Gumla,2021,7,24.620085599096075
Jamtara,2021,7,24.81983286092933
Latehar,2021,7,24.015679088169392
Palamu,2021,7,22.68205048197162
Pashchim Singhbhum,2021,7,24.518462105360577
Seraikela_Kharsawan,2021,7,24.674507537711236
Simdega,2021,7,24.412352805517266
Deoghar,2021,7,24.602523258674644
Godda,2021,7,24.751347698620787
Lohardaga,2021,7,24.457693136023572
Ranchi,2021,7,24.523549284719984
Dhanbad,2021,7,24.891154539679114
Purba Singhbhum,2021,8,24.44727184358468
Bokaro,2021,8,24.92140389226761
Chatra,2021,8,24.769347898660676
Garhwa,2021,8,24.53316961698661
Giridih,2021,8,24.992204384151094
Hazaribag,2021,8,24.911731077102658
Koderma,2021,8,24.83416003265298
Pakur,2021,8,25.205332040926738
Sahibganj,2021,8,25.26287909903298
Dumka,2021,8,25.18363032448689
Gumla,2021,8,24.803884387670323
Jamtara,2021,8,24.984233858836674
Latehar,2021,8,24.715909140884996
Palamu,2021,8,24.607451770785836
Pashchim Singhbhum,2021,8,24.18976287468852
Seraikela_Kharsawan,2021,8,24.190522035761692
Simdega,2021,8,24.839475514693042
Deoghar,2021,8,24.992452608655224
Godda,2021,8,25.14364312749924
Lohardaga,2021,8,24.516962427842
Ranchi,2021,8,24.517437762683045
Dhanbad,2021,8,24.964215401553684
Purba Singhbhum,2021,9,24.883416359948914
Bokaro,2021,9,24.891891289281062
Chatra,2021,9,24.3592690890385
Garhwa,2021,9,24.42182437547507
Giridih,2021,9,24.501223864879314
Hazaribag,2021,9,24.724017303606736
Koderma,2021,9,24.769811352994196
Pakur,2021,9,24.371589193233977
Sahibganj,2021,9,24.320195761104955
Dumka,2021,9,24.593437652241853
Gumla,2021,9,24.77845935344249
Jamtara,2021,9,24.66380155655974
Latehar,2021,9,24.545658576326463
Palamu,2021,9,24.26582463607794
Pashchim Singhbhum,2021,9,24.85169277910414
Seraikela_Kharsawan,2021,9,24.870114315467635
Simdega,2021,9,24.555035859366228
Deoghar,2021,9,24.56789922519378
Godda,2021,9,24.20795704015075
Lohardaga,2021,9,24.724760717638386
Ranchi,2021,9,24.734136391168814
Dhanbad,2021,9,24.794889214678822
Purba Singhbhum,2021,10,21.033623643060654
Bokaro,2021,10,19.984293422756114
Chatra,2021,10,18.49013593716701
Garhwa,2021,10,16.059809082639468
Giridih,2021,10,19.944497727172834
Hazaribag,2021,10,19.728600204381866
Koderma,2021,10,20.230552150722207
Pakur,2021,10,20.992815222658965
Sahibganj,2021,10,20.820389430445317
Dumka,2021,10,20.65157754500309
Gumla,2021,10,19.26916915825152
Jamtara,2021,10,20.738375066251937
Latehar,2021,10,17.99175970529146
Palamu,2021,10,17.126335956921167
Pashchim Singhbhum,2021,10,20.551569806416317
Seraikela_Kharsawan,2021,10,21.03936389968169
Simdega,2021,10,19.66788883294499
Deoghar,2021,10,20.21279137940415
Godda,2021,10,20.63222097608644
Lohardaga,2021,10,17.71324242313513
Ranchi,2021,10,19.828822577850126
Dhanbad,2021,10,20.079491661393483
Purba Singhbhum,2021,11,12.454846837735197
Bokaro,2021,11,12.213806562166603
Chatra,2021,11,9.590415299988802
Garhwa,2021,11,7.6257344526624244
Giridih,2021,11,10.008144955912847
Hazaribag,2021,11,11.295772948650614
Koderma,2021,11,11.157141961068913
Pakur,2021,11,13.24075962368302
Sahibganj,2021,11,13.390320349461874
Dumka,2021,11,12.05134172501754
Gumla,2021,11,11.791231480465344
Jamtara,2021,11,12.110995639796506
Latehar,2021,11,9.886964770286834
Palamu,2021,11,8.32018006701674
Pashchim Singhbhum,2021,11,12.654456209299187
Seraikela_Kharsawan,2021,11,13.254689382920683
Simdega,2021,11,11.691446764512463
Deoghar,2021,11,11.514676552520326
Godda,2021,11,12.336162181963306
Lohardaga,2021,11,10.410693223624714
Ranchi,2021,11,11.83381955769132
Dhanbad,2021,11,11.82277136025545
Purba Singhbhum,2021,12,14.262741447350074
Bokaro,2021,12,8.908287009892915
Chatra,2021,12,7.069539762577518
Garhwa,2021,12,6.094896029381702
Giridih,2021,12,7.3915462956742966
Hazaribag,2021,12,8.256912235818186
Koderma,2021,12,9.359246373047982
Pakur,2021,12,8.314014286415338
Sahibganj,2021,12,8.307271920363059
Dumka,2021,12,7.975912616505894
Gumla,2021,12,9.289420136514632
Jamtara,2021,12,9.127415145097684
Latehar,2021,12,6.76112669825374
Palamu,2021,12,6.449567579599232
Pashchim Singhbhum,2021,12,13.254645585347822
Seraikela_Kharsawan,2021,12,14.483006665811223
Simdega,2021,12,10.530861072917652
Deoghar,2021,12,7.317408581052825
Godda,2021,12,8.562616427350317
Lohardaga,2021,12,7.834880260987718
Ranchi,2021,12,10.19616552752363
Dhanbad,2021,12,7.992394862781454
Purba Singhbhum,2022,1,12.060365741765184
Bokaro,2022,1,9.297867744074903
Chatra,2022,1,11.601899765368367
Garhwa,2022,1,9.525434148932984
Giridih,2022,1,9.84654867036138
Hazaribag,2022,1,10.831549911796825
Koderma,2022,1,13.143271616233077
Pakur,2022,1,6.518731332847249
Sahibganj,2022,1,6.967247063177
Dumka,2022,1,7.261499209450399
Gumla,2022,1,10.699138039328972
Jamtara,2022,1,9.196349343432768
Latehar,2022,1,10.466699910175885
Palamu,2022,1,8.92053686222706
Pashchim Singhbhum,2022,1,12.648296217868921
Seraikela_Kharsawan,2022,1,14.537469685021
Simdega,2022,1,13.00875605591627
Deoghar,2022,1,8.33156657295483
Godda,2022,1,8.429674485983428
Lohardaga,2022,1,11.107301045947104
Ranchi,2022,1,12.382918288382083
Dhanbad,2022,1,6.685572246145133
Purba Singhbhum,2022,2,9.675017707551868
Bokaro,2022,2,10.380651378119762
Chatra,2022,2,11.301855750326903
Garhwa,2022,2,8.197846755613844
Giridih,2022,2,13.262460088546483
Hazaribag,2022,2,10.835202394784712
Koderma,2022,2,14.104726539074795
Pakur,2022,2,10.731775870223315
Sahibganj,2022,2,11.970985809910735
Dumka,2022,2,11.137136089613675
Gumla,2022,2,9.406870326060423
Jamtara,2022,2,16.320290956862397
Latehar,2022,2,8.596489697619761
Palamu,2022,2,8.582506023140498
Pashchim Singhbhum,2022,2,10.130827193165528
Seraikela_Kharsawan,2022,2,12.35095883639759
Simdega,2022,2,10.353288273415371
Deoghar,2022,2,12.742092424363193
Godda,2022,2,12.085134256019765
Lohardaga,2022,2,9.29474594581641
Ranchi,2022,2,10.971623431667341
Dhanbad,2022,2,10.034157126253094
Purba Singhbhum,2022,3,4.128525329004671
Bokaro,2022,3,4.329053488452614
Chatra,2022,3,3.701795655413318
Garhwa,2022,3,3.2093572209709533
Giridih,2022,3,4.952586088063726
Hazaribag,2022,3,4.0588419106260005
Koderma,2022,3,5.1724748797272655
Pakur,2022,3,4.885552508370426
Sahibganj,2022,3,5.166667537192857
Dumka,2022,3,4.365081601925522
Gumla,2022,3,4.156523061264443
Jamtara,2022,3,7.005561844708653
Latehar,2022,3,3.3285374055674555
Palamu,2022,3,3.260108441765464
Pashchim Singhbhum,2022,3,4.237019336732596
Seraikela_Kharsawan,2022,3,5.35335370083469
Simdega,2022,3,3.9722768162088973
Deoghar,2022,3,4.9546253710759
Godda,2022,3,5.265516586955963
Lohardaga,2022,3,3.6061516839921772
Ranchi,2022,3,4.733709657014539
Dhanbad,2022,3,4.0288171760423745
Purba Singhbhum,2022,4,2.0473542369872777
Bokaro,2022,4,2.422303605707538
Chatra,2022,4,2.3653823303259514
Garhwa,2022,4,2.3126389151020526
Giridih,2022,4,1.972518745471806
Hazaribag,2022,4,2.1196120454455647
Koderma,2022,4,2.3064213742651734
Pakur,2022,4,2.644044757799337
Sahibganj,2022,4,2.5346480843869483
Dumka,2022,4,2.1648452489889487
Gumla,2022,4,2.2861892697196335
Jamtara,2022,4,2.548976224093771
Latehar,2022,4,2.2852198246902105
Palamu,2022,4,2.274365368886805
Pashchim Singhbhum,2022,4,2.0256395058829786
Seraikela_Kharsawan,2022,4,2.1495489685590154
Simdega,2022,4,2.558142985443083
Deoghar,2022,4,1.9263164720998753
Godda,2022,4,2.2370139933031625
Lohardaga,2022,4,2.071465812259885
Ranchi,2022,4,2.019377908231035
Dhanbad,2022,4,2.4080296082982144
Purba Singhbhum,2022,5,4.435947727080438
Bokaro,2022,5,3.093252488406849
Chatra,2022,5,2.6465564469176495
Garhwa,2022,5,2.8447953339475207
Giridih,2022,5,2.8278766845030208
Hazaribag,2022,5,2.6439162885273007
Koderma,2022,5,3.757271567594659
Pakur,2022,5,11.34516263208783
Sahibganj,2022,5,12.153419970851386
Dumka,2022,5,5.203748605725084
Gumla,2022,5,2.7684450485325716
Jamtara,2022,5,4.88506405489086
Latehar,2022,5,2.5617044941253524
Palamu,2022,5,2.5527369049040516
Pashchim Singhbhum,2022,5,3.9336007969767595
Seraikela_Kharsawan,2022,5,3.652888585866087
Simdega,2022,5,3.0353881077479294
Deoghar,2022,5,3.00534924003581
Godda,2022,5,9.519638342082338
Lohardaga,2022,5,2.215891894541289
Ranchi,2022,5,2.5382177385906597
Dhanbad,2022,5,3.512783178614556
Purba Singhbhum,2022,6,8.726577753393997
Bokaro,2022,6,9.709391629225722
Chatra,2022,6,7.375406329752392
Garhwa,2022,6,7.643596686473083
Giridih,2022,6,8.812993287055383
Hazaribag,2022,6,8.260575631980974
Koderma,2022,6,9.199289087981729
Pakur,2022,6,14.298638547276482
Sahibganj,2022,6,18.341831917536858
Dumka,2022,6,11.702391627784893
Gumla,2022,6,10.05786142696358
Jamtara,2022,6,10.233318506000636
Latehar,2022,6,8.6213671594163
Palamu,2022,6,6.612543905602653
Pashchim Singhbhum,2022,6,7.44254562370509
Seraikela_Kharsawan,2022,6,8.74339524938347
Simdega,2022,6,9.859901839609794
Deoghar,2022,6,10.234836469528902
Godda,2022,6,13.134923647975604
Lohardaga,2022,6,9.345529196479106
Ranchi,2022,6,8.64872932793934
Dhanbad,2022,6,9.983556274931278
Purba Singhbhum,2022,7,24.022796188463932
Bokaro,2022,7,22.30958427099722
Chatra,2022,7,13.657599863036834
Garhwa,2022,7,15.816399216202859
Giridih,2022,7,13.717669522179921
Hazaribag,2022,7,17.470155606786555
Koderma,2022,7,13.72966645373496
Pakur,2022,7,17.051451188194047
Sahibganj,2022,7,19.283577054460473
Dumka,2022,7,15.23811262915268
Gumla,2022,7,23.683681718511597
Jamtara,2022,7,16.192485012464076
Latehar,2022,7,18.151204565704067
Palamu,2022,7,13.613941537100498
Pashchim Singhbhum,2022,7,24.180011795980878
Seraikela_Kharsawan,2022,7,23.197323778539218
Simdega,2022,7,24.771078191202204
Deoghar,2022,7,13.798105319341023
Godda,2022,7,13.889391391768008
Lohardaga,2022,7,21.525823196611906
Ranchi,2022,7,23.04700504802569
Dhanbad,2022,7,18.840959414906155
Purba Singhbhum,2022,8,25.319484331304583
Bokaro,2022,8,25.275197314787558
Chatra,2022,8,23.964626246497673
Garhwa,2022,8,25.13659664794013
Giridih,2022,8,22.077682880064202
Hazaribag,2022,8,24.5721535652511
Koderma,2022,8,22.710870854419934
Pakur,2022,8,25.28496995367026
Sahibganj,2022,8,25.249500038928847
Dumka,2022,8,23.23209434306702
Gumla,2022,8,25.32414744800949
Jamtara,2022,8,24.91348838655552
Latehar,2022,8,24.833177853798894
Palamu,2022,8,24.548146431700005
Pashchim Singhbhum,2022,8,25.279068234912504
Seraikela_Kharsawan,2022,8,25.28998045433673
Simdega,2022,8,25.343041179500585
Deoghar,2022,8,22.28355840932397
Godda,2022,8,22.271202255813005
Lohardaga,2022,8,25.303365052601944
Ranchi,2022,8,25.29576490521487
Dhanbad,2022,8,24.9062501363326
Purba Singhbhum,2022,9,-999.0
Bokaro,2022,9,-999.0
Chatra,2022,9,-999.0
Garhwa,2022,9,-999.0
Giridih,2022,9,-999.0
Hazaribag,2022,9,-999.0
Koderma,2022,9,-999.0
Pakur,2022,9,-999.0
Sahibganj,2022,9,-999.0
Dumka,2022,9,-999.0
Gumla,2022,9,-999.0
Jamtara,2022,9,-999.0
Latehar,2022,9,-999.0
Palamu,2022,9,-999.0
Pashchim Singhbhum,2022,9,-999.0
Seraikela_Kharsawan,2022,9,-999.0
Simdega,2022,9,-999.0
Deoghar,2022,9,-999.0
Godda,2022,9,-999.0
Lohardaga,2022,9,-999.0
Ranchi,2022,9,-999.0
Dhanbad,2022,9,-999.0
Purba Singhbhum,2022,10,-999.0
Bokaro,2022,10,-999.0
Chatra,2022,10,-999.0
Garhwa,2022,10,-999.0
Giridih,2022,10,-999.0
Hazaribag,2022,10,-999.0
Koderma,2022,10,-999.0
Pakur,2022,10,-999.0
Sahibganj,2022,10,-999.0
Dumka,2022,10,-999.0
Gumla,2022,10,-999.0
Jamtara,2022,10,-999.0
Latehar,2022,10,-999.0
Palamu,2022,10,-999.0
Pashchim Singhbhum,2022,10,-999.0
Seraikela_Kharsawan,2022,10,-999.0
Simdega,2022,10,-999.0
Deoghar,2022,10,-999.0
Godda,2022,10,-999.0
Lohardaga,2022,10,-999.0
Ranchi,2022,10,-999.0
Dhanbad,2022,10,-999.0
Purba Singhbhum,2022,11,-999.0
Bokaro,2022,11,-999.0
Chatra,2022,11,-999.0
Garhwa,2022,11,-999.0
Giridih,2022,11,-999.0
Hazaribag,2022,11,-999.0
Koderma,2022,11,-999.0
Pakur,2022,11,-999.0
Sahibganj,2022,11,-999.0
Dumka,2022,11,-999.0
Gumla,2022,11,-999.0
Jamtara,2022,11,-999.0
Latehar,2022,11,-999.0
Palamu,2022,11,-999.0
Pashchim Singhbhum,2022,11,-999.0
Seraikela_Kharsawan,2022,11,-999.0
Simdega,2022,11,-999.0
Deoghar,2022,11,-999.0
Godda,2022,11,-999.0
Lohardaga,2022,11,-999.0
Ranchi,2022,11,-999.0
Dhanbad,2022,11,-999.0
Purba Singhbhum,2022,12,-999.0
Bokaro,2022,12,-999.0
Chatra,2022,12,-999.0
Garhwa,2022,12,-999.0
Giridih,2022,12,-999.0
Hazaribag,2022,12,-999.0
Koderma,2022,12,-999.0
Pakur,2022,12,-999.0
Sahibganj,2022,12,-999.0
Dumka,2022,12,-999.0
Gumla,2022,12,-999.0
Jamtara,2022,12,-999.0
Latehar,2022,12,-999.0
Palamu,2022,12,-999.0
Pashchim Singhbhum,2022,12,-999.0
Seraikela_Kharsawan,2022,12,-999.0
Simdega,2022,12,-999.0
Deoghar,2022,12,-999.0
Godda,2022,12,-999.0
Lohardaga,2022,12,-999.0
Ranchi,2022,12,-999.0
Dhanbad,2022,12,-999.0
Purba Singhbhum,2023,1,-999.0
Bokaro,2023,1,-999.0
Chatra,2023,1,-999.0
Garhwa,2023,1,-999.0
Giridih,2023,1,-999.0
Hazaribag,2023,1,-999.0
Koderma,2023,1,-999.0
Pakur,2023,1,-999.0
Sahibganj,2023,1,-999.0
Dumka,2023,1,-999.0
Gumla,2023,1,-999.0
Jamtara,2023,1,-999.0
Latehar,2023,1,-999.0
Palamu,2023,1,-999.0
Pashchim Singhbhum,2023,1,-999.0
Seraikela_Kharsawan,2023,1,-999.0
Simdega,2023,1,-999.0
Deoghar,2023,1,-999.0
Godda,2023,1,-999.0
Lohardaga,2023,1,-999.0
Ranchi,2023,1,-999.0
Dhanbad,2023,1,-999.0
Purba Singhbhum,2023,2,-999.0
Bokaro,2023,2,-999.0
Chatra,2023,2,-999.0
Garhwa,2023,2,-999.0
Giridih,2023,2,-999.0
Hazaribag,2023,2,-999.0
Koderma,2023,2,-999.0
Pakur,2023,2,-999.0
Sahibganj,2023,2,-999.0
Dumka,2023,2,-999.0
Gumla,2023,2,-999.0
Jamtara,2023,2,-999.0
Latehar,2023,2,-999.0
Palamu,2023,2,-999.0
Pashchim Singhbhum,2023,2,-999.0
Seraikela_Kharsawan,2023,2,-999.0
Simdega,2023,2,-999.0
Deoghar,2023,2,-999.0
Godda,2023,2,-999.0
Lohardaga,2023,2,-999.0
Ranchi,2023,2,-999.0
Dhanbad,2023,2,-999.0
Purba Singhbhum,2023,3,-999.0
Bokaro,2023,3,-999.0
Chatra,2023,3,-999.0
Garhwa,2023,3,-999.0
Giridih,2023,3,-999.0
Hazaribag,2023,3,-999.0
Koderma,2023,3,-999.0
Pakur,2023,3,-999.0
Sahibganj,2023,3,-999.0
Dumka,2023,3,-999.0
Gumla,2023,3,-999.0
Jamtara,2023,3,-999.0
Latehar,2023,3,-999.0
Palamu,2023,3,-999.0
Pashchim Singhbhum,2023,3,-999.0
Seraikela_Kharsawan,2023,3,-999.0
Simdega,2023,3,-999.0
Deoghar,2023,3,-999.0
Godda,2023,3,-999.0
Lohardaga,2023,3,-999.0
Ranchi,2023,3,-999.0
Dhanbad,2023,3,-999.0
Purba Singhbhum,2023,4,-999.0
Bokaro,2023,4,-999.0
Chatra,2023,4,-999.0
Garhwa,2023,4,-999.0
Giridih,2023,4,-999.0
Hazaribag,2023,4,-999.0
Koderma,2023,4,-999.0
Pakur,2023,4,-999.0
Sahibganj,2023,4,-999.0
Dumka,2023,4,-999.0
Gumla,2023,4,-999.0
Jamtara,2023,4,-999.0
Latehar,2023,4,-999.0
Palamu,2023,4,-999.0
Pashchim Singhbhum,2023,4,-999.0
Seraikela_Kharsawan,2023,4,-999.0
Simdega,2023,4,-999.0
Deoghar,2023,4,-999.0
Godda,2023,4,-999.0
Lohardaga,2023,4,-999.0
Ranchi,2023,4,-999.0
Dhanbad,2023,4,-999.0
Purba Singhbhum,2023,5,-999.0
Bokaro,2023,5,-999.0
Chatra,2023,5,-999.0
Garhwa,2023,5,-999.0
Giridih,2023,5,-999.0
Hazaribag,2023,5,-999.0
Koderma,2023,5,-999.0
Pakur,2023,5,-999.0
Sahibganj,2023,5,-999.0
Dumka,2023,5,-999.0
Gumla,2023,5,-999.0
Jamtara,2023,5,-999.0
Latehar,2023,5,-999.0
Palamu,2023,5,-999.0
Pashchim Singhbhum,2023,5,-999.0
Seraikela_Kharsawan,2023,5,-999.0
Simdega,2023,5,-999.0
Deoghar,2023,5,-999.0
Godda,2023,5,-999.0
Lohardaga,2023,5,-999.0
Ranchi,2023,5,-999.0
Dhanbad,2023,5,-999.0
Purba Singhbhum,2023,6,-999.0
Bokaro,2023,6,-999.0
Chatra,2023,6,-999.0
Garhwa,2023,6,-999.0
Giridih,2023,6,-999.0
Hazaribag,2023,6,-999.0
Koderma,2023,6,-999.0
Pakur,2023,6,-999.0
Sahibganj,2023,6,-999.0
Dumka,2023,6,-999.0
Gumla,2023,6,-999.0
Jamtara,2023,6,-999.0
Latehar,2023,6,-999.0
Palamu,2023,6,-999.0
Pashchim Singhbhum,2023,6,-999.0
Seraikela_Kharsawan,2023,6,-999.0
Simdega,2023,6,-999.0
Deoghar,2023,6,-999.0
Godda,2023,6,-999.0
Lohardaga,2023,6,-999.0
Ranchi,2023,6,-999.0
Dhanbad,2023,6,-999.0
Purba Singhbhum,2023,7,-999.0
Bokaro,2023,7,-999.0
Chatra,2023,7,-999.0
Garhwa,2023,7,-999.0
Giridih,2023,7,-999.0
Hazaribag,2023,7,-999.0
Koderma,2023,7,-999.0
Pakur,2023,7,-999.0
Sahibganj,2023,7,-999.0
Dumka,2023,7,-999.0
Gumla,2023,7,-999.0
Jamtara,2023,7,-999.0
Latehar,2023,7,-999.0
Palamu,2023,7,-999.0
Pashchim Singhbhum,2023,7,-999.0
Seraikela_Kharsawan,2023,7,-999.0
Simdega,2023,7,-999.0
Deoghar,2023,7,-999.0
Godda,2023,7,-999.0
Lohardaga,2023,7,-999.0
Ranchi,2023,7,-999.0
Dhanbad,2023,7,-999.0
Purba Singhbhum,2023,8,-999.0
Bokaro,2023,8,-999.0
Chatra,2023,8,-999.0
Garhwa,2023,8,-999.0
Giridih,2023,8,-999.0
Hazaribag,2023,8,-999.0
Koderma,2023,8,-999.0
Pakur,2023,8,-999.0
Sahibganj,2023,8,-999.0
Dumka,2023,8,-999.0
Gumla,2023,8,-999.0
Jamtara,2023,8,-999.0
Latehar,2023,8,-999.0
Palamu,2023,8,-999.0
Pashchim Singhbhum,2023,8,-999.0
Seraikela_Kharsawan,2023,8,-999.0
Simdega,2023,8,-999.0
Deoghar,2023,8,-999.0
Godda,2023,8,-999.0
Lohardaga,2023,8,-999.0
Ranchi,2023,8,-999.0
Dhanbad,2023,8,-999.0
Purba Singhbhum,2023,9,-999.0
Bokaro,2023,9,-999.0
Chatra,2023,9,-999.0
Garhwa,2023,9,-999.0
Giridih,2023,9,-999.0
Hazaribag,2023,9,-999.0
Koderma,2023,9,-999.0
Pakur,2023,9,-999.0
Sahibganj,2023,9,-999.0
Dumka,2023,9,-999.0
Gumla,2023,9,-999.0
Jamtara,2023,9,-999.0
Latehar,2023,9,-999.0
Palamu,2023,9,-999.0
Pashchim Singhbhum,2023,9,-999.0
Seraikela_Kharsawan,2023,9,-999.0
Simdega,2023,9,-999.0
Deoghar,2023,9,-999.0
Godda,2023,9,-999.0
Lohardaga,2023,9,-999.0
Ranchi,2023,9,-999.0
Dhanbad,2023,9,-999.0
Purba Singhbhum,2023,10,-999.0
Bokaro,2023,10,-999.0
Chatra,2023,10,-999.0
Garhwa,2023,10,-999.0
Giridih,2023,10,-999.0
Hazaribag,2023,10,-999.0
Koderma,2023,10,-999.0
Pakur,2023,10,-999.0
Sahibganj,2023,10,-999.0
Dumka,2023,10,-999.0
Gumla,2023,10,-999.0
Jamtara,2023,10,-999.0
Latehar,2023,10,-999.0
Palamu,2023,10,-999.0
Pashchim Singhbhum,2023,10,-999.0
Seraikela_Kharsawan,2023,10,-999.0
Simdega,2023,10,-999.0
Deoghar,2023,10,-999.0
Godda,2023,10,-999.0
Lohardaga,2023,10,-999.0
Ranchi,2023,10,-999.0
Dhanbad,2023,10,-999.0
Purba Singhbhum,2023,11,-999.0
Bokaro,2023,11,-999.0
Chatra,2023,11,-999.0
Garhwa,2023,11,-999.0
Giridih,2023,11,-999.0
Hazaribag,2023,11,-999.0
Koderma,2023,11,-999.0
Pakur,2023,11,-999.0
Sahibganj,2023,11,-999.0
Dumka,2023,11,-999.0
Gumla,2023,11,-999.0
Jamtara,2023,11,-999.0
Latehar,2023,11,-999.0
Palamu,2023,11,-999.0
Pashchim Singhbhum,2023,11,-999.0
Seraikela_Kharsawan,2023,11,-999.0
Simdega,2023,11,-999.0
Deoghar,2023,11,-999.0
Godda,2023,11,-999.0
Lohardaga,2023,11,-999.0
Ranchi,2023,11,-999.0
Dhanbad,2023,11,-999.0
Purba Singhbhum,2023,12,-999.0
Bokaro,2023,12,-999.0
Chatra,2023,12,-999.0
Garhwa,2023,12,-999.0
Giridih,2023,12,-999.0
Hazaribag,2023,12,-999.0
Koderma,2023,12,-999.0
Pakur,2023,12,-999.0
Sahibganj,2023,12,-999.0
Dumka,2023,12,-999.0
Gumla,2023,12,-999.0
Jamtara,2023,12,-999.0
Latehar,2023,12,-999.0
Palamu,2023,12,-999.0
Pashchim Singhbhum,2023,12,-999.0
Seraikela_Kharsawan,2023,12,-999.0
Simdega,2023,12,-999.0
Deoghar,2023,12,-999.0
Godda,2023,12,-999.0
Lohardaga,2023,12,-999.0
Ranchi,2023,12,-999.0
Dhanbad,2023,12,-999.0
